Item Lookup Code,Department,Category,Description,Quantity Sold,Sales,Last Sold,Cost,Cost Sold,Non Sale Movement,Last Received
Grand Summaries,,,,,,,,,,
,,,,"24,119.00","314,789.49","#,#.00","18,743.95","227,923.80","39,563.00","#,#.00"
#32 GLASS PIPE,SMOKE SUPPLIES,PIPES,#32 GLASS PIPE,1,$22.75,4/8/2025 10:45,$18.00,$18.00,0,
00014800003628,FOOD & BEVERAGE,,CLAMATO MICHELADA 12-320Z,10,$375.00,5/9/2025 16:11,$33.99,$339.90,0,1/24/2025 13:58
00014800511765,FOOD & BEVERAGE,JUICE/MIXERS,CLAMATO 16OZ,13,$274.00,5/13/2025 10:59,$18.99,$246.87,0,11/16/2024 14:39
00021136070378,FOOD & BEVERAGE,,TOPO CHICO 24CT,25,$841.75,5/13/2025 10:33,$25.99,$649.75,0,8/12/2024 12:19
00041333009612,ELECTRONICS & ACCESSORIES,,DURACELL AA 4PK BATTERY,2,$90.50,5/8/2025 14:22,$38.50,$77.00,0,1/24/2025 12:33
00041333014616,ELECTRONICS & ACCESSORIES,,DURACELL AAA 4PK BATTERY,1,$58.25,5/13/2025 18:23,$49.50,$49.50,0,1/24/2025 12:33
00041333085616,ELECTRONICS & ACCESSORIES,,DURACELL D 2PK 6CT BATTERY,2,$39.00,4/14/2025 17:02,$16.50,$33.00,0,8/2/2024 9:56
00041333086613,ELECTRONICS & ACCESSORIES,,DURACELL C 2PK 8CT BATTERY,1,$27.50,5/2/2025 14:35,$22.00,$22.00,0,8/2/2024 9:56
00041333087610,ELECTRONICS & ACCESSORIES,,DURACELL AA 2PK BATTERY,4,$104.00,5/9/2025 10:00,$19.60,$78.40,0,1/24/2025 12:33
00041333151618,ELECTRONICS & ACCESSORIES,,DURACELL AAA 2PK BATTERY,6,$189.00,5/8/2025 14:22,$27.00,$151.20,-3,4/30/2025 14:50
00070158112054,SMOKE SUPPLIES,MISC,KRAZY GLUE 12PK,2,$23.00,5/13/2025 9:56,$8.50,$17.00,0,2/17/2025 17:18
00071924940031,AUTOMOTIVE,,MOBIL SYNTHETIC 10W30 6QT,1,$28.00,4/23/2025 10:41,$38.00,$38.00,0,
00076171939937,SMOKE SUPPLIES,,LITTLE TREES VARITY 24PK,1,$15.75,4/29/2025 12:12,$13.50,$13.50,0,12/24/2024 12:24
00076171941930,SMOKE SUPPLIES,MISC,LITTLE TREE ASSORTED CAN 12CT,1,$15.75,4/8/2025 10:45,$13.00,$13.00,0,6/24/2024 15:16
00076308411688,SMOKE SUPPLIES,,SCOTCH UTILITY TAPE 12CT,1,$11.75,5/6/2025 15:13,$9.00,$9.00,0,9/17/2024 15:34
00860009496026,LIQUOR SUPPLIES,BRELLA,BRELLA COCKTAIL MIXER 6CT,3,$105.00,4/4/2025 11:21,$19.50,$58.50,0,
008660006035,WRAPS/FILTERS/HEMP/CONES,CONES,ZIG ZAG 1 1/4 SIZECONE 24CT6PK,3,$128.25,5/12/2025 15:04,$34.10,$102.30,0,11/16/2024 13:41
008660006073,WRAPS/FILTERS/HEMP/CONES,,ZIG ZAG UNBLEACHED 1 1/4 CONE,1,$42.75,4/12/2025 10:54,$34.10,$34.10,0,11/16/2024 13:41
008660007247,WRAPS/FILTERS/HEMP/CONES,WRAPS/PREROLL,ZIG ZAG ORANGE 1.25 PAPER 24PK,1,$39.99,4/14/2025 17:34,$36.00,$36.00,0,1/24/2025 12:33
008660007315,WRAPS/FILTERS/HEMP/CONES,WRAPS/PREROLL,ZIG ZAG ULTRA THIN 1 1/4 24CT,1,$42.00,4/26/2025 10:28,$37.75,$37.75,0,10/28/2024 11:56
008660007681,WRAPS/FILTERS/HEMP/CONES,CONES,ZIG ZAG CONE UNBLCH 1/4 6PK24C,1,$28.75,5/13/2025 16:02,$23.40,$23.40,0,9/6/2024 15:08
008660008640,,,ZIG ZAG ULTRATHINMINI 70'S 8PK,1,$21.75,5/6/2025 9:23,$19.00,$19.00,0,
008660008824,,,ZIG ZAG UNBLEACHEMINI 70'S 8PK,1,$21.75,5/6/2025 9:23,$19.00,$19.00,0,
014800000276,FOOD & BEVERAGE,JUICE/MIXERS,CLAMATO 16OZ CUBANO 12CT,9,$220.50,5/12/2025 14:54,$21.99,$197.91,0,11/16/2024 14:39
014800516609,FOOD & BEVERAGE,JUICE/MIXERS,CLAMATO 64OZ 8LS ,5,$217.50,5/13/2025 18:23,$40.00,$200.00,0,8/28/2023 15:59
014800582048,FOOD & BEVERAGE,JUICE/MIXERS,REAL LIME 8OZ,7,$169.75,5/9/2025 13:15,$18.98,$132.86,0,11/30/2024 12:21
014800582215,FOOD & BEVERAGE,JUICE/MIXERS,REAL LEMON 8OZ,3,$72.75,5/9/2025 13:15,$18.98,$56.94,0,11/30/2024 11:46
016229908515,FOOD & BEVERAGE,JUICE/MIXERS,FOCO COCONUT JUICE 24CT,18,$579.00,5/9/2025 11:25,$26.99,$485.82,0,1/24/2025 13:58
016500040194,MEDS/DAILY CARE,MISC,ALKA-SELTZER ORG 12TAB X 6PK,1,$20.50,4/8/2025 10:45,$14.50,$14.50,0,5/22/2020 13:31
016500567301,MEDS/DAILY CARE,PILLS,ALKA SELTZER 2PK 18CT ,1,$7.50,4/28/2025 13:44,$5.75,$5.75,0,
016500591733,MEDS/DAILY CARE,PILLS,ALKA-SELTZER ORGI 58CT 2PK,1,$15.75,4/8/2025 10:45,$11.49,$11.49,0,1/24/2025 14:24
016500594932,MEDS/DAILY CARE,,ALKA SLETZER PLUS 72CT,1,$23.00,4/28/2025 14:16,$18.99,$18.99,0,10/28/2024 11:56
01660433,FOOD & BEVERAGE,JUICE/MIXERS,ROSES LIME JUICE 12OZ,3,$9.75,5/6/2025 15:55,$2.50,$7.50,0,9/9/2022 17:07
018026024504,PLASTIC/PAPER GOODS,,PAPER PLATES 50CT,44,$47.00,5/13/2025 9:49,$0.92,$40.30,0,1/24/2025 11:47
018355102416,FOOD & BEVERAGE,ENERGY DRINK,GINSENG ENERGY NOW 24PK,1,$6.50,4/8/2025 10:45,$4.50,$4.50,0,7/29/2016 22:47
021136070545,FOOD & BEVERAGE,,TOPOCHICO PLASTIC WATER 24CT M,59,"$2,049.75",5/13/2025 18:23,$29.99,"$1,769.41",0,1/24/2025 14:26
021136170184,FOOD & BEVERAGE,,TOPO CHICO LIME 20OZ,3,$104.25,5/13/2025 10:33,$0.00,$0.00,0,
021136180626,FOOD & BEVERAGE,,TOPOCHICO GLASS 18CT,4,$107.00,4/25/2025 12:33,$22.99,$91.96,0,10/28/2024 11:56
021136180664,FOOD & BEVERAGE,,TOPO LIME 16 OZ 18CT,8,$214.00,5/8/2025 13:07,$22.99,$183.92,0,1/24/2025 14:24
021136452815,FOOD & BEVERAGE,,TOPOCHICO 1 LTR,34,$875.50,5/8/2025 14:22,$21.99,$747.66,0,11/16/2024 14:39
022600001553,,,TROJAN BARESKIN RAW,1,$16.50,4/29/2025 12:12,$14.00,$14.00,0,1/27/2025 11:33
022600019619,MEDS/DAILY CARE,MISC,TROJAN DOUBLE ECSTASY 6PK,1,$14.50,4/8/2025 10:45,$12.00,$12.00,0,12/24/2024 13:35
022600020158,MEDS/DAILY CARE,MISC,TROJAN MAGNUM XL 6 PK,1,$13.50,4/1/2025 11:47,$10.50,$10.50,0,12/24/2024 13:35
022600228882,MEDS/DAILY CARE,MISC,TROJAN MAGNUM BARESKIN 6PK,1,$14.50,4/29/2025 12:12,$12.50,$12.50,0,2/28/2024 17:18
022600300007,MEDS/DAILY CARE,MISC,TROJAN FEELS,1,$13.50,4/28/2025 15:31,$12.00,$12.00,0,9/30/2024 10:19
022600642039,MEDS/DAILY CARE,MISC,TROJAN MAGNUM 6PK,19,$180.50,5/13/2025 10:59,$8.00,$152.00,0,1/27/2025 11:33
022600647201,MEDS/DAILY CARE,MISC,TROJAN MAGNUM ECSTASY 6PK,3,$40.50,5/6/2025 11:07,$12.00,$36.00,0,10/28/2024 10:04
022600920502,MEDS/DAILY CARE,MISC,TROJAN NON-LUBRICATED 6PK,2,$19.00,5/6/2025 9:18,$8.00,$16.00,0,9/17/2024 15:06
022600926207,MEDS/DAILY CARE,MISC,TROJAN ULTRA THIN 6PK,12,$114.00,5/10/2025 14:40,$8.00,$96.00,0,1/27/2025 11:33
022600930501,MEDS/DAILY CARE,MISC,TROJAN ENZ PREMIUM 6PK,8,$76.00,5/13/2025 10:59,$8.00,$64.00,0,1/27/2025 11:33
022600931508,MEDS/DAILY CARE,MISC,TROJAN ENZ SPERMIDICAL 6PK,9,$85.50,5/7/2025 10:38,$8.00,$72.00,0,1/27/2025 11:33
022600940500,MEDS/DAILY CARE,MISC,TROJAN ULTRA RIBBED 6PK,9,$85.50,5/13/2025 9:56,$8.00,$72.00,0,12/24/2024 13:35
022600947219,MEDS/DAILY CARE,MISC,TROJAN ECSTASY 6PK,2,$27.00,5/13/2025 9:56,$10.50,$21.00,0,12/24/2024 13:35
022600953210,MEDS/DAILY CARE,MISC,TROJAN PLEASURE PACK 6PK,3,$37.50,5/13/2025 10:26,$10.50,$31.50,0,1/27/2025 11:33
022600957010,MEDS/DAILY CARE,MISC,TROJAN CHARGED 6PK,2,$25.00,5/13/2025 18:23,$10.50,$21.00,0,1/27/2025 11:33
022600957058,MEDS/DAILY CARE,MISC,TROJAN BARESKIN GRAY 6PK,1,$13.50,4/8/2025 19:09,$12.00,$12.00,0,1/27/2025 11:33
022600960034,MEDS/DAILY CARE,MISC,TROJAN FIRE & ICE 6PK,5,$67.50,5/6/2025 11:40,$10.50,$52.50,0,1/27/2025 11:33
022600973201,MEDS/DAILY CARE,MISC,TROJAN HER PLEASURE 6PK,11,$104.50,5/13/2025 10:26,$8.00,$88.00,0,1/27/2025 11:33
022600999492,,,TROJAN VARIETY PACK,1,$21.50,4/29/2025 12:17,$15.00,$15.00,0,1/27/2025 11:33
023604200232,LIQUOR SUPPLIES,SALT,TWANG LEMON LIME SALT 200CT,3,$43.50,4/28/2025 14:16,$11.50,$34.50,0,7/8/2019 14:12
023604205237,LIQUOR SUPPLIES,SALT,TWANG LIME  SALT 200CT,4,$58.00,5/9/2025 13:15,$11.50,$46.00,0,3/24/2020 14:13
023604212372,LIQUOR SUPPLIES,SALT,TWANG SRIRACHA SALT 10CT,1,$10.99,5/9/2025 11:25,$8.75,$8.75,0,10/7/2020 14:56
023604212631,LIQUOR SUPPLIES,SALT,TWANG CHILI LIME  SALT 10CT,5,$54.95,5/9/2025 13:15,$8.75,$43.75,0,9/17/2024 16:14
023604213065,LIQUOR SUPPLIES,SALT,TWANG LEMON SALT10CT,12,$131.88,5/9/2025 13:15,$8.75,$105.00,0,6/25/2024 11:04
023604213164,LIQUOR SUPPLIES,SALT,TWANG PICKLE SALT 10CT,3,$32.97,5/9/2025 11:25,$7.50,$22.50,0,
023604213485,FOOD & BEVERAGE,,TWANG TANGY TAMARIND,2,$21.98,5/9/2025 11:25,$8.75,$17.50,0,6/12/2024 15:20
023604213584,FOOD & BEVERAGE,FOOD,TWANG CLASSIC CHAMOY,1,$10.99,5/9/2025 11:25,$8.75,$8.75,0,6/12/2024 15:20
023604215632,LIQUOR SUPPLIES,SALT,TWANG LIME SALT 10CT,23,$252.77,5/9/2025 13:15,$9.30,$213.90,0,1/24/2025 11:47
023604219630,LIQUOR SUPPLIES,SALT,TWANG MANGO CHILI SALT 10CT,4,$43.96,5/9/2025 11:25,$9.30,$37.20,0,7/16/2024 16:54
023604237016,LIQUOR SUPPLIES,SALT,TWANG BEER SALT LIME 24CT,2,$65.00,4/16/2025 16:07,$27.75,$55.50,0,1/24/2025 11:47
023604265019,LIQUOR SUPPLIES,SALT,TWANG BEER SALT HOT  LIME 24CT,1,$29.50,4/8/2025 10:45,$22.80,$22.80,0,6/18/2018 13:52
023604430103,LIQUOR SUPPLIES,SALT,CLAMATO CHILI-LIME SALT 10CT,4,$53.00,5/9/2025 11:25,$11.50,$46.00,0,1/24/2025 11:47
023604920109,FOOD & BEVERAGE,JUICE/MIXERS,TWANG MICHELADA COCKTAIL 2.5OZ,1,$18.50,4/8/2025 10:45,$14.40,$14.40,0,8/17/2020 14:55
024968777880,SUPPLEMENTS,PILLS,STIFF ROX HONEY 12CT,2,$30.00,4/15/2025 14:22,$8.00,$16.00,0,4/18/2024 10:40
025000058011,FOOD & BEVERAGE,SODA,MINUTE MAID LEMONADE 20OZ 24CT,15,$502.50,5/9/2025 10:41,$26.50,$412.50,0,5/1/2025 14:39
025000058868,FOOD & BEVERAGE,SODA,MINUTE MAID PINK LEM 20OZ 24CT,7,$234.50,5/9/2025 10:41,$26.50,$192.50,0,5/1/2025 14:39
025900240790,TOBACCO,45CT CIGAR,SWISHER MINI DIAMOND 3PK 15CT,1,$23.50,4/2/2025 9:26,$19.58,$19.58,0,8/26/2022 15:34
025900240806,TOBACCO,45CT CIGAR,SWISHER MINI REG 3PK 15CT,2,$47.00,4/25/2025 17:18,$20.80,$41.60,0,11/13/2024 15:31
025900284305,TOBACCO,60CT CIGAR,SWISHER PEACH 2/1.19 60CT,1,$31.00,4/2/2025 9:26,$28.70,$28.70,0,11/21/2023 15:34
025900287337,TOBACCO,60CT CIGAR,SWISHER REG 2/1.19 2PK 30CT,14,$433.70,5/13/2025 9:44,$28.70,$401.80,0,2/7/2025 12:22
025900287344,TOBACCO,60CT CIGAR,SWISHER GRAPE 2/1.19 2PK 30CT,2,$62.00,4/15/2025 10:05,$28.70,$57.40,0,11/13/2024 15:31
025900287351,TOBACCO,60CT CIGAR,SWISHER BLUE 2/1.19 2PK 30CT,1,$31.00,5/7/2025 10:22,$28.70,$28.70,0,8/16/2024 12:03
025900287467,TOBACCO,60CT CIGAR,SWISHER SV2 REG 30CT2PK,2,$81.98,5/13/2025 9:56,$31.96,$63.92,0,2/7/2025 12:22
025900296353,TOBACCO,60CT CIGAR,SWISHER GREEN 2/1.19 60CT,2,$61.95,5/10/2025 12:46,$28.70,$57.40,0,11/13/2024 15:31
025900325718,TOBACCO,30CT CIGAR,SWISHER BLK SMOOTH 2/1.49 30CT,11,$225.15,5/9/2025 9:55,$18.22,$200.42,0,2/7/2025 12:22
025900325725,TOBACCO,30CT CIGAR,SWISHER BLK CHERRY 2/1.49 30CT,1,$20.50,4/2/2025 9:26,$18.22,$18.22,0,2/7/2025 12:22
025900325732,TOBACCO,30CT CIGAR,SWISHER BLK GRAPE 2/1.49 30CT,1,$20.50,5/13/2025 16:02,$18.22,$18.22,0,2/7/2025 12:22
025900325749,TOBACCO,30CT CIGAR,SWISHER BLK BERRY 2/1.49 30CT,1,$20.50,4/9/2025 14:28,$18.22,$18.22,0,2/7/2025 12:22
025900329839,TOBACCO,60CT CIGAR,SWISHER DIAMOND 2/1.19 60CT,8,$247.90,5/9/2025 16:11,$28.70,$229.60,0,2/7/2025 12:22
025900329853,TOBACCO,60CT CIGAR,SWISHER SILVER 2/1.19,1,$31.00,5/5/2025 10:25,$28.15,$28.15,0,3/22/2024 13:14
025900329860,TOBACCO,60CT CIGAR,SWISHER TROPICAL 2/1.19 60CT,3,$92.95,4/22/2025 11:12,$28.15,$84.45,0,3/22/2024 13:14
025900329914,TOBACCO,60CT CIGAR,SWISHER PEPPERMINT 2/1.19 60CT,1,$30.95,4/12/2025 14:14,$28.15,$28.15,0,11/13/2024 15:31
025900359003,TOBACCO,30CT CIGAR,SWISHER LEAF ORGINAL 3PK10CT,2,$55.98,4/24/2025 9:58,$26.50,$53.00,0,11/13/2024 15:31
025900405359,TOBACCO,60CT CIGAR,SWISHER SV2 DIAMOND 60CT,7,$286.93,5/2/2025 10:50,$31.96,$223.72,0,2/7/2025 12:22
025900426828,TOBACCO,60CT CIGAR,SWISHER BANANA SMASH 30PK 2CT,1,$25.99,4/7/2025 12:34,$23.65,$23.65,0,8/26/2022 15:34
025900525453,TOBACCO,60CT CIGAR,SWISHER COOKIE 2/1.19 2PK 30CT,2,$61.95,4/18/2025 14:20,$28.70,$57.40,0,3/18/2025 13:52
031700232262,TOBACCO,60CT CIGAR,WHITE OWL SAVEON2 MANGO 60CT,2,$81.98,4/15/2025 10:00,$32.64,$65.28,0,3/18/2025 13:52
031700235980,TOBACCO,60CT CIGAR,WHITE OWL SAVEON2 RUSSIAN 60CT,1,$40.99,4/15/2025 10:00,$32.64,$32.64,0,3/18/2025 13:52
031700237694,TOBACCO,60CT CIGAR,WHITE OWL SWEET 2/1.19 60CT,2,$62.00,4/9/2025 12:33,$28.15,$56.30,0,3/18/2025 13:52
031700237717,TOBACCO,60CT CIGAR,WHITE OWL WHT GRAPE 2/1.19 60C,9,$278.95,5/6/2025 10:37,$28.15,$253.35,0,3/18/2025 13:52
031700237748,TOBACCO,60CT CIGAR,WHITE OWL GREENSWT 2/1.19 60CT,2,$61.95,5/1/2025 12:32,$28.15,$56.30,0,8/16/2024 12:03
031700237762,TOBACCO,60CT CIGAR,WHITE OWL BLUE RASP2/1.19 60CT,2,$62.00,4/25/2025 13:51,$29.38,$58.76,0,11/13/2024 15:31
031700237779,TOBACCO,60CT CIGAR,WHITE OWL MANGO 2/1.19 2PK 30C,5,$154.95,5/8/2025 10:32,$28.15,$140.75,0,3/18/2025 13:52
031700237809,TOBACCO,60CT CIGAR,WHITE OWL STRWBRY 2/1.19 60CT,1,$31.00,4/16/2025 9:29,$29.38,$29.38,0,3/18/2025 13:52
031700237816,TOBACCO,60CT CIGAR,WHITE OWL PEACH 2/1.19 60CT,1,$31.00,4/25/2025 17:18,$28.15,$28.15,0,8/16/2024 12:03
031700237922,TOBACCO,60CT CIGAR,GAME WHITE GRAPE 2/1.29 60ct,1,$33.50,4/2/2025 9:26,$31.40,$31.40,0,3/22/2024 13:14
031700237939,TOBACCO,60CT CIGAR,GAME GRAPE 2/1.29 2PK 30CT,1,$33.50,4/2/2025 9:26,$31.82,$31.82,0,5/6/2025 12:38
031700237953,TOBACCO,60CT CIGAR,GAME BLUE 2/1.29 2PK 30CT,1,$33.50,4/2/2025 9:26,$31.82,$31.82,0,5/6/2025 12:38
031700237984,TOBACCO,60CT CIGAR,GAME MANGO 2/1.29 60ct,1,$33.50,4/2/2025 9:26,$31.40,$31.40,0,5/6/2025 12:38
031700238387,TOBACCO,60CT CIGAR,WHITE OWL SV2 TRIPLE GRAP 60CT,1,$40.99,4/29/2025 12:12,$32.64,$32.64,0,11/13/2024 15:31
031700238394,TOBACCO,60CT CIGAR,WHITE OWL TRPLEGRP 2/1.19 60CT,2,$62.00,5/9/2025 14:27,$28.15,$56.30,0,11/13/2024 15:31
031700238974,TOBACCO,30CT CIGAR,GARCIA VEGA RED 2 /1.49 15CT,1,$20.50,5/9/2025 9:55,$17.95,$17.95,0,11/13/2024 15:31
031700238981,TOBACCO,30CT CIGAR,GARCIA VEGA GREEN 2 /1.49 15CT,10,$204.90,5/13/2025 9:55,$17.95,$179.50,0,3/18/2025 13:52
031700420164,TOBACCO,60CT CIGAR,WHITE OWL SV2 WHT GRAPE 60CT,2,$81.98,4/10/2025 13:20,$32.64,$65.28,0,3/18/2025 13:52
035000511058,MEDS/DAILY CARE,DENTAL,COLGATE 2.8OZ 6PK,5,$45.00,5/13/2025 9:56,$6.00,$30.00,0,2/17/2025 17:18
037900990629,SMOKE SUPPLIES,BUTANE,RONSONOL LIGHTER FLUID 24C 8OZ,12,$30.00,4/9/2025 15:34,$1.88,$22.56,0,8/4/2020 13:53
038200041219,FOOD & BEVERAGE,FOOD,PICKLE IN POUCH LRG DILL,8,$71.92,5/13/2025 16:02,$7.50,$60.00,0,2/17/2025 16:51
038200041226,FOOD & BEVERAGE,FOOD,PICKLE IN POUCH LRG HOT,14,$125.86,5/13/2025 16:02,$7.50,$105.00,0,2/17/2025 16:51
038200041233,FOOD & BEVERAGE,FOOD,PICKLE IN POUCH LRG KOSHER,1,$8.99,5/13/2025 16:02,$7.50,$7.50,0,2/17/2025 16:51
038200041240,FOOD & BEVERAGE,FOOD,PICKLE IN POUCH LRG SOUR,5,$44.95,5/13/2025 16:02,$7.50,$37.50,0,1/24/2025 15:53
038900773700,FOOD & BEVERAGE,FOOD,DOLE PINEAPPLE 8OZ CAN 24PK,6,$111.00,5/9/2025 10:52,$14.98,$89.88,0,8/12/2024 10:56
040232095023,SUPPLEMENTS,,HARD STEEL 24CT,1,$45.00,4/12/2025 12:49,$36.00,$36.00,0,5/15/2023 14:14
040232286902,SUPPLEMENTS,PILLS,SWAG PLATINUM  ,2,$130.00,5/1/2025 17:47,$36.00,$72.00,0,3/15/2024 13:25
041167100066,MEDS/DAILY CARE,MISC,ROLAIDS REG STRENGTH MINT,2,$16.00,4/8/2025 10:45,$7.00,$14.00,0,9/19/2022 14:00
041508734660,,,SAN PELLECRINO,4,$98.00,5/8/2025 14:22,$15.99,$63.96,0,10/28/2024 11:56
041689140038,SMOKE SUPPLIES,LIGHTERS,ZIPPO BUTANE FUEL 4.50OZ 12CT ,1,$39.00,4/8/2025 10:45,$31.44,$31.44,0,3/17/2020 15:03
041689140083,,,ZIPPO BUTINE 290 ML,5,$22.50,4/9/2025 15:34,$0.00,$0.00,0,
041689300494,SMOKE SUPPLIES,BUTANE,ZIPPO LIGHTER FLUID 4OZ,6,$11.94,5/2/2025 9:42,$1.40,$8.40,0,9/15/2023 12:33
041689301224,SMOKE SUPPLIES,BUTANE,ZIPPO LIGHTER FLUID 12OZ,3,$9.75,4/12/2025 10:54,$2.58,$7.74,0,7/28/2023 10:53
041985453634,WRAPS/FILTERS/HEMP/CONES,,KING PALM 4CT MINI ROLL 24PK,1,$54.00,4/8/2025 10:45,$47.00,$47.00,0,6/18/2018 15:28
042037111144,MEDS/DAILY CARE,MISC,BC POWDER 2CT 36PC,1,$21.75,5/9/2025 10:41,$19.50,$19.50,0,10/15/2022 15:25
042037111168,MEDS/DAILY CARE,MISC,BC 6CT 24PK,1,$38.25,4/8/2025 10:45,$32.50,$32.50,0,11/16/2024 13:41
04223418,TOBACCO SNUFF,SNUFF 6OZ,KODIAK WINTERGREEN LNGCT6OZ,15,$495.00,5/9/2025 16:11,$29.89,$448.35,0,11/30/2024 12:29
04254418,TOBACCO SNUFF,SNUFF 4.1OZ,GRIZZLY WINTERGRN POUCH 4.2OZ,5,$140.00,5/9/2025 16:11,$23.60,$118.00,0,9/5/2024 10:42
04287212,TOBACCO SNUFF,SNUFF 6OZ,GRIZZLY WINTERGREEN LONGCT 6OZ,12,$336.00,5/13/2025 9:36,$24.14,$289.68,0,11/30/2024 12:29
047400130920,MEDS/DAILY CARE,MISC,GILLETTE SHAVING GEL,1,$8.50,4/25/2025 11:55,$6.25,$6.25,0,2/2/2019 16:37
049000005226,FOOD & BEVERAGE,SODA,COCA COLA 1LITER 12PK,7,$182.00,5/8/2025 10:27,$21.15,$148.05,0,11/30/2024 12:21
049000018011,FOOD & BEVERAGE,SODA,COCA COLA 20OZ CHERRY 24PK,4,$128.00,4/28/2025 14:19,$27.50,$108.00,0,5/1/2025 14:39
049000019162,FOOD & BEVERAGE,SODA,COCA COLA 20OZ FANTA ORAN 24PK,3,$96.00,5/7/2025 9:38,$27.50,$69.75,0,5/1/2025 14:39
049000023190,FOOD & BEVERAGE,SODA,SPRITE 1L 12CT,5,$125.00,4/28/2025 14:19,$22.11,$110.55,0,9/17/2024 14:08
049000040869,FOOD & BEVERAGE,SODA,COCA COLA 20OZ  ZERO  24PK,9,$288.00,5/13/2025 9:49,$27.00,$243.00,0,2/17/2025 17:09
049000044225,FOOD & BEVERAGE,SODA,COCA COLA GLASS BOTTLE,3,$114.00,5/8/2025 10:23,$33.99,$101.97,0,5/28/2024 17:22
049000050103,FOOD & BEVERAGE,SODA,COCA COLA 2 LITER 8Pk,26,$585.00,5/13/2025 10:59,$18.38,$477.88,0,11/30/2024 12:29
049000050110,FOOD & BEVERAGE,SODA,COCA COLA DIET COKE2 LITER 8CT,2,$45.00,5/1/2025 12:32,$21.25,$42.50,0,9/17/2024 14:08
049000050158,FOOD & BEVERAGE,SODA,SPRITE COCA COLA 2 LITER 8Pk,3,$67.50,5/10/2025 11:00,$20.88,$62.64,0,2/22/2024 17:12
049000054057,FOOD & BEVERAGE,SODA,COCA COLA SPRITE 2LITER 8CT,3,$66.50,4/28/2025 15:31,$20.88,$62.64,0,2/22/2024 16:48
049000072228,FOOD & BEVERAGE,,SPRITE CHERRY 20OZ,2,$62.00,4/24/2025 17:30,$26.50,$53.00,0,5/8/2024 12:11
04904403,FOOD & BEVERAGE,SODA,COCA COLA 20OZ 24PK,70,"$2,240.00",5/13/2025 10:59,$27.50,"$2,100.00",0,5/1/2025 14:39
04904500,FOOD & BEVERAGE,SODA,COCA COLA DIET 20OZ,20,$640.25,5/13/2025 10:59,$27.50,$600.00,0,5/1/2025 14:39
04976400,FOOD & BEVERAGE,SODA,SPRITE COCA COLA 20OZ  24PK,28,$896.00,5/13/2025 10:59,$30.00,$840.00,0,5/1/2025 14:39
050700009605,LIQUOR SUPPLIES,,LIFEGOOD CHARCOAL 7.7OZ,1,$32.50,4/8/2025 10:45,$26.99,$26.99,0,5/28/2024 12:44
065626866720,SMOKE SUPPLIES,MISC,WHIP-IT 50CT CREAM CHARGER ORI,12,$225.00,4/8/2025 10:45,$16.67,$200.04,0,4/3/2020 12:23
066619500034,WRAPS/FILTERS/HEMP/CONES,FILTER TUBES,PREMIER FT TUBE MNTHLKING 200C,2,$27.00,4/23/2025 11:58,$11.50,$23.00,0,1/5/2024 11:31
066619500799,WRAPS/FILTERS/HEMP/CONES,FILTER TUBES,PREMIER TUBE MENTL 100MM 200C,3,$56.25,4/22/2025 15:07,$16.35,$49.05,0,8/23/2024 11:17
066619501321,WRAPS/FILTERS/HEMP/CONES,FILTER TUBES,PREMIER FT TUBE REG KING 200C,5,$63.75,5/10/2025 11:21,$11.35,$56.75,0,12/24/2024 14:42
066619519166,WRAPS/FILTERS/HEMP/CONES,FILTER TUBES,PREMIER FT TUBE REG 100MM 200C,2,$37.00,5/8/2025 10:32,$16.10,$32.20,0,8/23/2024 11:17
066619519210,WRAPS/FILTERS/HEMP/CONES,FILTER TUBES,PREMIER FT TUBE LITE KING 200C,9,$114.75,4/23/2025 11:58,$11.35,$102.15,0,12/24/2024 14:42
0688130664547,PLASTIC/PAPER GOODS,,12 OZ CUP 300CT,2,$19.00,5/1/2025 12:32,$7.50,$15.00,0,
0688130664615,PLASTIC/PAPER GOODS,PLASTIC CUPS,RED CUP 16OZ 16CT,20,$528.00,4/30/2025 15:21,$0.00,$0.00,0,5/19/2023 15:49
069199521000,PLASTIC/PAPER GOODS,,PAPER BAG #6 500CT,15,$380.00,4/30/2025 16:06,$11.40,$171.00,0,4/8/2020 12:18
070137005186,TOBACCO,25CT CIGAR,BLACK N MILD REG UPRIGHT 25CT,5,$162.45,5/12/2025 17:09,$28.29,$141.45,0,3/18/2025 13:52
070137005230,TOBACCO,25CT CIGAR,BLACK N MILD WINE UPRIGHT 25CT,10,$324.90,5/9/2025 10:41,$28.28,$282.80,0,3/18/2025 13:52
070137500186,TOBACCO,50CT CIGAR,BLACK N MILD REGULAR 5PK 10CT,8,$492.00,5/13/2025 9:56,$56.57,$452.56,0,3/18/2025 13:52
070137500230,TOBACCO,50CT CIGAR,BLACK N MILD WINE 5PK 10CT,6,$369.00,5/10/2025 14:40,$56.57,$339.42,0,3/18/2025 13:52
070137505259,TOBACCO,50CT CIGAR,BLACK N MILD REG WOODTIP 5PK,2,$131.98,4/4/2025 9:51,$62.22,$124.44,0,11/13/2024 15:31
070137505297,TOBACCO,50CT CIGAR,BLACK N MILD WINE WOODTIP 5PK,3,$197.97,4/24/2025 10:18,$62.22,$186.66,0,11/13/2024 15:31
070137511168,TOBACCO,50CT CIGAR,BLACK N MILD JAZZ WOODTIP 50CT,2,$131.98,4/9/2025 15:01,$62.22,$124.44,0,3/22/2024 13:14
070137511212,TOBACCO,25CT CIGAR,BLACK N MILD JAZZ 25CT BOX,10,$324.80,5/13/2025 16:02,$28.28,$282.80,0,3/18/2025 13:52
070137511229,TOBACCO,25CT CIGAR,BLACK N MILD JAZZ WT BOX 25CT,7,$244.81,5/13/2025 16:02,$31.00,$217.00,0,3/18/2025 13:52
070137515593,TOBACCO,50CT CIGAR,BLACK N MILD JAZZ 5PK 10CT,5,$279.95,5/8/2025 10:49,$45.36,$226.78,0,3/18/2025 13:52
070137525257,TOBACCO,25CT CIGAR,BLACK N MILD REG WT BOX 25CT,6,$209.90,5/5/2025 10:25,$31.00,$186.00,0,3/18/2025 13:52
070137525295,TOBACCO,25CT CIGAR,BLACK N MILD WINE WT BX 25CT,6,$209.90,5/9/2025 10:00,$31.00,$186.00,0,3/18/2025 13:52
070330601277,SMOKE SUPPLIES,LIGHTERS,BIC REGULAR 50CT,10,$505.00,5/10/2025 11:00,$45.00,$450.00,0,9/9/2024 11:42
070330602670,SMOKE SUPPLIES,LIGHTERS,BIC MINI 50CT REG,18,$783.00,5/10/2025 11:00,$35.50,$639.00,0,1/24/2024 16:29
070330611252,SMOKE SUPPLIES,LIGHTERS,BIC GEOMETRIC LIGHTERS 50CT,4,$272.00,4/8/2025 19:09,$49.99,$199.96,0,10/28/2024 11:56
070330618961,SMOKE SUPPLIES,LIGHTERS,BIC LIMITED ASTROLOGY LIGHTERS,3,$195.00,4/19/2025 11:48,$58.50,$175.50,0,11/16/2024 13:41
070330619081,SMOKE SUPPLIES,LIGHTERS,BIC CHICAGO BEARS 50CT,2,$156.50,5/2/2025 10:50,$72.00,$144.00,0,1/24/2025 12:33
070330619418,SMOKE SUPPLIES,LIGHTERS,BIC CUBS 50CT,1,$79.50,5/7/2025 16:34,$72.00,$72.00,0,1/24/2025 12:33
070330643451,SMOKE SUPPLIES,LIGHTERS,BIC CHICAGO BULLS 50CT,1,$76.50,4/2/2025 9:26,$72.00,$72.00,0,11/16/2024 13:41
070330643550,SMOKE SUPPLIES,LIGHTERS,BIC FASHION PRINT50CT,1,$49.50,4/2/2025 9:26,$50.00,$50.00,0,9/1/2021 13:18
070330644793,SMOKE SUPPLIES,LIGHTERS,BIC MINI 50CT + 3,1,$43.50,5/9/2025 10:41,$39.00,$39.50,0,5/1/2025 14:05
070330644809,SMOKE SUPPLIES,LIGHTERS,BIC REGULAR 50CT+3,20,"$1,010.00",5/9/2025 9:55,$45.75,$899.90,0,5/1/2025 14:05
070330653993,SMOKE SUPPLIES,,BIC DOGS 50CT,2,$130.00,4/29/2025 13:07,$58.50,$117.00,0,5/31/2024 10:27
070330660878,SMOKE SUPPLIES,LIGHTERS,BIC EZ REACH LIGHTER 40CT,1,$67.00,4/2/2025 9:26,$58.00,$58.00,0,2/13/2024 15:27
070330665880,,,BIC ECOLUTIONS,1,$65.00,4/8/2025 10:26,$41.97,$41.97,0,9/30/2024 11:21
070330666856,SMOKE SUPPLIES,LIGHTERS,BIC RAW BLACK 50CT,1,$69.00,4/8/2025 10:45,$59.50,$59.50,0,9/6/2024 15:08
070847000044,FOOD & BEVERAGE,ENERGY DRINK,MONSTER ABSOLUTE ZERO 16OZ,2,$81.00,4/16/2025 17:16,$36.79,$73.58,0,8/12/2024 10:56
070847003236,FOOD & BEVERAGE,ENERGY DRINK,MONSTER REHAB LEMONADE 16OZ/24,1,$40.50,4/11/2025 10:36,$37.00,$37.00,0,12/24/2024 13:07
070847003403,FOOD & BEVERAGE,ENERGY DRINK,MONSTER ZERO SUGAR 16OZ 24CT,1,$40.50,4/8/2025 10:10,$36.79,$36.79,0,11/30/2024 14:32
070847012481,FOOD & BEVERAGE,ENERGY DRINK,MONSTER WHITE 16OZ,7,$283.50,5/10/2025 11:00,$37.00,$223.93,0,5/1/2025 14:39
070847015543,FOOD & BEVERAGE,ENERGY DRINK,MONSTER ULTRA ZERO 16OZ,16,$648.00,5/10/2025 11:04,$36.79,$588.64,0,10/28/2024 11:56
070847017714,FOOD & BEVERAGE,ENERGY DRINK,MONSTER WHITE 24OZ 12PK,5,$187.50,5/13/2025 10:26,$33.00,$165.00,0,2/17/2025 17:09
070847021537,FOOD & BEVERAGE,ENERGY DRINK,MONSTER REHAB PEACH TEA 16OZ,1,$40.50,4/25/2025 15:36,$36.50,$36.50,0,11/30/2024 12:01
070847021841,FOOD & BEVERAGE,ENERGY DRINK,MONSTER ULTRA SUNRISE 16OZ,2,$81.00,5/7/2025 9:24,$36.79,$73.58,0,11/30/2024 14:32
070847022916,FOOD & BEVERAGE,ENERGY DRINK,MONSTER JUICE 16OZ,1,$40.50,5/10/2025 11:04,$35.99,$35.99,0,1/24/2025 13:52
070847027355,FOOD & BEVERAGE,ENERGY DRINK,MONSTER ULTRA VIOLET 16OZ,2,$81.00,5/2/2025 10:50,$37.00,$74.00,0,11/11/2024 11:06
070847029007,FOOD & BEVERAGE,ENERGY DRINK,MONSTER MANGO 16OZ,9,$364.50,4/30/2025 12:35,$36.79,$331.11,0,1/24/2025 14:24
070847029434,FOOD & BEVERAGE,ENERGY DRINK,MONSTER ULTRA PEACHY KEEN 16OZ,3,$121.50,4/28/2025 14:19,$37.00,$111.00,0,2/17/2025 17:09
070847031901,FOOD & BEVERAGE,ENERGY DRINK,MONSTER PACIFIC PUNCH 16OZ,1,$40.50,5/8/2025 14:45,$37.00,$37.00,0,1/24/2025 13:52
070847033738,FOOD & BEVERAGE,ENERGY DRINK,MONSTER ULTRA PARADISE 16OZ,2,$81.00,5/1/2025 12:32,$36.50,$73.00,0,9/9/2024 12:42
070847034636,FOOD & BEVERAGE,ENERGY DRINK,MONSTER ULTRA FIESTA 16OZ 24PK,3,$121.50,4/30/2025 12:35,$37.00,$111.00,0,11/11/2024 11:06
070847036951,FOOD & BEVERAGE,ENERGY DRINK,MONSTER KHAOTIC 16OZ,1,$40.50,5/8/2025 14:45,$35.99,$35.99,0,5/28/2024 15:25
070847037767,FOOD & BEVERAGE,ENERGY DRINK,MONSTER NITRO SUPER DRY16OZ,1,$40.50,4/8/2025 10:45,$34.00,$34.00,0,2/21/2024 16:27
070847037996,FOOD & BEVERAGE,ENERGY DRINK,MONSTER ULTRA WATERMELON 16OZ,2,$81.00,4/19/2025 11:23,$36.50,$73.00,0,11/30/2024 12:01
070847810216,FOOD & BEVERAGE,ENERGY DRINK,MONSTER BLUE 24OZ 12PK,1,$37.50,4/30/2025 16:28,$33.99,$33.99,0,9/9/2024 12:42
070847811237,FOOD & BEVERAGE,ENERGY DRINK,MONSTER GREEN 16OZ,20,$810.00,5/13/2025 10:59,$34.99,$699.80,0,6/1/2024 12:12
070847811275,FOOD & BEVERAGE,ENERGY DRINK,MONSTER BLUE 16OZ,19,$769.50,5/10/2025 11:04,$37.00,$699.01,0,5/1/2025 14:39
070847811985,FOOD & BEVERAGE,ENERGY DRINK,MONSTER GREEN 24OZ/12,19,$712.50,5/5/2025 17:42,$33.00,$627.00,0,2/17/2025 17:09
070847891864,FOOD & BEVERAGE,ENERGY DRINK,MONSTER STRAWDREAM 16OZ 24CT,1,$40.50,4/25/2025 15:36,$36.79,$36.79,0,10/28/2024 11:56
070847898153,,,MONSTER ULTRA  GUAVA 16OZ,3,$127.50,4/30/2025 12:35,$40.00,$120.00,0,11/11/2024 10:23
070847898252,FOOD & BEVERAGE,ENERGY DRINK,MONSTER ULTRA BLUE HAWAIIAN,3,$121.50,4/16/2025 17:19,$36.50,$109.50,0,
070847898337,FOOD & BEVERAGE,,MONSTER VIKING BERRY 16OZ,2,$81.00,5/10/2025 12:46,$37.00,$74.00,0,5/1/2025 14:39
071610301849,TOBACCO,40CT CIGAR,BACKWOODS HONEY 5PK 40CT,3,$130.50,5/9/2025 16:11,$39.99,$119.97,0,11/13/2024 15:31
071610301870,TOBACCO,40CT CIGAR,BACKWOODS HONEY BERRY 5PK40CT,2,$86.95,4/19/2025 11:23,$39.99,$79.98,0,5/6/2025 12:38
071610301931,TOBACCO,40CT CIGAR,BACKWOODS SWT AROMATIC 5PK40CT,3,$130.45,5/9/2025 16:11,$39.99,$119.97,0,3/22/2024 13:14
071610301993,TOBACCO,24CT CIGAR,BACKWOOD SWEET ARO SINGLE 24CT,2,$68.00,5/9/2025 10:00,$25.16,$50.32,0,3/10/2023 16:06
071610302044,TOBACCO,24CT CIGAR,BACKWOOD SINGLE HONEY BERR24CT,1,$34.00,4/2/2025 9:26,$26.99,$26.99,0,11/13/2024 15:31
071610302730,TOBACCO,40CT CIGAR,BACKWOODS DARK STOUT 5PK 40CT,2,$87.00,4/25/2025 12:01,$39.99,$79.98,0,3/10/2023 16:06
071610302808,TOBACCO,40CT CIGAR,BACKWOODS RUSSCREAM 5PK 40CT,6,$260.95,5/13/2025 9:56,$39.99,$239.94,0,5/6/2025 12:38
071610303089,TOBACCO,24CT CIGAR,BACKWOOD SINGLE RUSSIAN CR24CT,7,$237.95,5/5/2025 10:25,$26.99,$188.93,17,11/13/2024 15:31
071610340176,TOBACCO,24CT CIGAR,BACKWOOD SINGLE BLACK RUSSIAN,1,$34.00,4/2/2025 9:26,$31.25,$31.25,0,12/3/2020 14:30
071610340480,TOBACCO,24CT CIGAR,BACKWOOD SINGLE HONEY 24CT,1,$34.00,4/2/2025 9:26,$26.99,$26.99,0,11/13/2024 15:31
071610340565,TOBACCO,40CT CIGAR,BACKWOODS BANANA 5PK 40CT,2,$87.00,5/1/2025 12:32,$40.00,$80.00,0,
071610341081,TOBACCO,60CT CIGAR,DUTCH PLATINUM 2/1.29 2PK 30CT,1,$33.50,4/2/2025 9:26,$31.84,$31.84,0,5/6/2025 12:38
071610341166,TOBACCO,60CT CIGAR,DUTCH SILVER 2/1.29 2PK 30CT,2,$67.00,4/16/2025 16:07,$31.01,$62.02,0,2/7/2025 12:22
071610341197,TOBACCO,60CT CIGAR,DUTCH BERRY 2/1.29 2PK 30CT,2,$67.00,5/3/2025 15:34,$31.84,$63.68,0,11/13/2024 15:31
071610341203,TOBACCO,60CT CIGAR,DUTCH BLUE 2/1.29 2PK 30CT,2,$66.95,5/9/2025 16:11,$31.08,$62.16,0,5/6/2025 12:38
071610341210,TOBACCO,60CT CIGAR,DUTCH HONEY 2/1.29 2PK 30CT,6,$200.95,5/12/2025 12:49,$31.84,$191.04,0,5/6/2025 12:38
071610341227,TOBACCO,60CT CIGAR,DUTCH IRISH 2/1.29 2PK 30CT,1,$33.50,4/2/2025 9:26,$31.08,$31.08,0,8/16/2024 12:03
071610341234,TOBACCO,60CT CIGAR,DUTCH GOLD 2/1.29 2PK 30CT,2,$66.95,4/15/2025 12:58,$31.08,$62.16,0,2/7/2025 12:22
071610341623,TOBACCO,40CT CIGAR,BACKWOODS SMOKCARAMEL 5PK 40CT,1,$44.99,5/9/2025 10:00,$41.53,$41.53,0,
071610341678,TOBACCO,60CT CIGAR,DUTCH GREEN 2/1.29 2PK 30CT,2,$67.00,4/19/2025 12:11,$31.84,$63.68,0,2/7/2025 12:22
071610496149,TOBACCO,60CT CIGAR,DUTCH HONEY SAVE ON 2 60CT,2,$81.98,5/2/2025 10:50,$35.90,$71.80,0,5/6/2025 12:38
071610496507,TOBACCO,60CT CIGAR,DUTCH BERRY SAVE ON 2 60CT,2,$81.98,5/13/2025 9:36,$35.90,$71.80,0,5/6/2025 12:38
071610505056,TOBACCO,60CT CIGAR,DUTCH BLEND SAVE ON 2 30CT 2PK,2,$81.98,4/25/2025 12:01,$35.90,$71.80,0,2/7/2025 12:22
071611003063,AUTOMOTIVE,,PENNZOIL 5W-30 6 PK,4,$104.00,5/13/2025 18:23,$20.99,$83.96,0,2/17/2025 17:18
071611003070,AUTOMOTIVE,,PENNZOIL 10 W 30 6 CT,2,$52.00,5/13/2025 18:23,$20.99,$41.98,0,2/17/2025 17:18
071611003094,AUTOMOTIVE,,PENNZOIL 10W-40 6 CT,1,$26.00,5/13/2025 18:23,$20.99,$20.99,0,2/17/2025 17:18
071611003155,AUTOMOTIVE,,PENNZOIL 5W-20 6PK,5,$130.00,5/13/2025 18:23,$20.99,$104.95,0,1/24/2025 12:33
071611019521,AUTOMOTIVE,,PENNZOIL ATF 6PK,1,$28.00,4/23/2025 16:22,$22.90,$22.90,0,10/26/2024 15:02
071845098309,FOOD & BEVERAGE,JUICE/MIXERS,COCO LOPEZ CREMA DE COCO,10,$39.00,5/6/2025 15:55,$3.29,$32.90,0,1/24/2025 13:58
071943117131,FOOD & BEVERAGE,FOOD,ROYAL CHERRY 10OZ,13,$48.75,5/8/2025 10:27,$2.81,$36.53,0,11/16/2024 14:39
072718100037,FOOD & BEVERAGE,JUICE/MIXERS,MR. PURE ORANGE JUICE 32OZ,8,$238.00,5/13/2025 9:52,$24.95,$199.60,0,1/24/2025 14:08
072718100228,FOOD & BEVERAGE,JUICE/MIXERS,MR. PURE APPLE JUICE 32OZ,1,$29.75,4/23/2025 10:06,$24.95,$24.95,0,11/30/2024 13:05
072718100266,FOOD & BEVERAGE,,MR.PURE ORANGE 16OZ,6,$117.00,4/23/2025 15:52,$15.65,$93.90,0,11/30/2024 13:05
072718100280,FOOD & BEVERAGE,JUICE/MIXERS,MR. PURE APPLE JUICE 16OZ,1,$19.50,5/8/2025 16:32,$15.65,$15.65,0,1/24/2025 14:08
072718100334,FOOD & BEVERAGE,JUICE/MIXERS,MR. PURE FRUIT PUNCH 16OZ,1,$19.50,4/28/2025 14:19,$15.65,$15.65,0,11/30/2024 13:05
072718100358,FOOD & BEVERAGE,JUICE/MIXERS,MR. PURE CRANBERRY JUICE 32OZ,4,$119.00,5/13/2025 18:23,$24.95,$99.80,0,1/24/2025 14:08
072718100426,FOOD & BEVERAGE,JUICE/MIXERS,MR. PURE LEMONADE 16OZ,2,$39.00,5/7/2025 10:22,$15.65,$31.30,0,11/30/2024 13:05
072718100556,FOOD & BEVERAGE,JUICE/MIXERS,MR. PURE LIME  32OZ,1,$29.75,4/9/2025 14:22,$24.95,$24.95,0,10/28/2024 9:58
072718100662,FOOD & BEVERAGE,JUICE/MIXERS,MR. PURE PINEAPPLE 32OZ,8,$238.00,5/8/2025 16:32,$24.95,$199.60,0,9/17/2024 13:55
072718100679,FOOD & BEVERAGE,JUICE/MIXERS,MR. PURE LEMONADE 32OZ,1,$29.75,4/19/2025 11:23,$24.95,$24.95,0,9/17/2024 13:55
072718100709,FOOD & BEVERAGE,JUICE/MIXERS,MR. PURE CRANBERRY JUICE 16OZ,8,$156.00,5/13/2025 10:59,$15.65,$125.20,0,1/24/2025 14:08
072718101218,FOOD & BEVERAGE,JUICE/MIXERS,MR. PURE RUBY GRAPEFRUIT 32OZ,1,$29.75,4/19/2025 11:23,$24.95,$24.95,0,9/17/2024 13:55
072718101379,FOOD & BEVERAGE,JUICE/MIXERS,MR. PURE LIME 16OZ,1,$19.50,5/8/2025 14:45,$15.65,$15.65,0,11/30/2024 13:05
072718101492,FOOD & BEVERAGE,JUICE/MIXERS,MR. PURE FRUIT PUNCH 64OZ,1,$21.50,4/8/2025 16:49,$18.25,$18.25,0,12/5/2023 17:27
072718101522,FOOD & BEVERAGE,JUICE/MIXERS,MR. PURE ORANGE JUICE 64OZ,5,$107.50,5/9/2025 11:49,$18.23,$91.15,0,11/30/2024 13:05
072718101546,FOOD & BEVERAGE,JUICE/MIXERS,MR. PURE CRANBERRY JUICE 64OZ,4,$86.00,5/8/2025 10:27,$18.23,$72.92,0,11/30/2024 13:05
072718101553,FOOD & BEVERAGE,JUICE/MIXERS,MR. PURE APPLE JUICE 64OZ,1,$21.50,4/29/2025 10:24,$18.25,$18.25,0,11/25/2022 10:08
072718101898,FOOD & BEVERAGE,JUICE/MIXERS,MR. PURE APPLE CRANBERRY 32OZ,3,$89.25,4/19/2025 12:11,$24.95,$74.85,0,9/17/2024 13:55
072718101911,FOOD & BEVERAGE,JUICE/MIXERS,MR. PURE PINA COLADA 16OZ,5,$97.50,5/8/2025 14:45,$15.65,$78.25,0,11/30/2024 13:05
072718400397,FOOD & BEVERAGE,JUICE/MIXERS,MR. PURE LEMONADE 64OZ,1,$21.50,4/29/2025 10:24,$18.23,$18.23,0,1/24/2025 14:08
072718600377,FOOD & BEVERAGE,JUICE/MIXERS,MR. PURE PINEAPPLE 16OZ,7,$136.50,5/13/2025 9:52,$15.65,$109.55,0,1/24/2025 14:08
072718600612,FOOD & BEVERAGE,JUICE/MIXERS,MR. PURE PINE ORANGE16OZ,1,$19.50,5/2/2025 12:09,$15.65,$15.65,0,9/17/2024 13:55
072718600629,FOOD & BEVERAGE,JUICE/MIXERS,MR. PURE ORANGE JUICE 16OZ,1,$19.50,4/29/2025 10:24,$15.65,$15.65,0,1/24/2025 14:08
073010314092,MEDS/DAILY CARE,MISC,TAMPAX SUPER 6PK,3,$55.50,4/25/2025 12:01,$9.70,$29.10,0,11/30/2024 12:21
073100010958,TOBACCO SNUFF,SNUFF 6OZ,SKOAL WINTERGREEN LONGCUT 6OZ,8,$260.00,4/30/2025 14:41,$31.05,$248.40,4,11/30/2024 14:32
073100010972,TOBACCO SNUFF,SNUFF 6OZ,SKOAL CLASSIC MINT LONGCUT 6OZ,2,$65.00,5/13/2025 9:34,$29.00,$58.00,1,12/3/2020 14:30
073100011856,TOBACCO SNUFF,SNUFF 4.1OZ,SKOAL CLASS MINT POUCH 4.10OZ,6,$195.00,5/1/2025 17:47,$27.93,$167.58,12,5/6/2020 12:08
073100014611,TOBACCO,MOIST SNUFF,COPENHAGEN ORIGINAL LNGCT,1,$32.50,4/30/2025 14:41,$31.29,$31.29,0,8/21/2024 12:06
073100030390,TOBACCO,MOIST SNUFF,COPENHAGEN MINT WG PCH4.10oz,1,$17.75,4/4/2025 9:51,$16.40,$16.40,0,9/20/2018 18:01
073135008173,AUTOMOTIVE,,ITASCA 2 CYCLE ENGINE OIL,1,$21.00,4/16/2025 11:44,$14.50,$14.50,0,1/24/2025 12:33
073287074880,LIQUOR SUPPLIES,,WING CORK SCREW ONEIDA 1PK,3,$13.50,4/15/2025 16:34,$3.25,$9.75,0,
074780004107,,,PERRIER 330ML 24CT,1,$23.50,4/28/2025 14:16,$19.99,$19.99,0,9/24/2024 12:44
074780620888,FOOD & BEVERAGE,SODA,PERRIER MAISON PLASTIC BTL,6,$150.00,5/13/2025 9:46,$15.49,$92.94,0,10/28/2024 11:56
074804102253,AUTOMOTIVE,,PEAK 50/50 GREEN 6CT,4,$163.96,5/6/2025 9:23,$34.00,$136.00,0,12/24/2024 12:54
074804102437,AUTOMOTIVE,,PEAK 50/50 GLOBAL,3,$133.50,4/23/2025 10:07,$39.99,$119.97,0,12/24/2024 12:54
074804104004,AUTOMOTIVE,,PEAK ANTIFREEZE COOLANT GREEN,1,$55.00,5/13/2025 18:23,$48.00,$48.00,0,9/17/2024 15:34
074804175929,AUTOMOTIVE,,PEAK 50/50 COOL,3,$133.50,5/7/2025 9:21,$39.90,$119.70,0,12/24/2024 12:54
077170102117,WRAPS/FILTERS/HEMP/CONES,,GAMBLER TUBE MENTOL 100,10,$185.00,4/11/2025 10:51,$16.25,$162.50,0,8/23/2024 11:17
077170104685,WRAPS/FILTERS/HEMP/CONES,,TOP TUBE MENTHOL  KING 250C,5,$82.50,4/4/2025 14:36,$13.85,$69.25,0,5/7/2024 12:30
077170114424,WRAPS/FILTERS/HEMP/CONES,,TOP TUBE REG 100MM FIL 200C,1,$18.75,4/2/2025 9:26,$14.35,$14.35,0,12/24/2024 14:42
077170120135,WRAPS/FILTERS/HEMP/CONES,WRAPS/PREROLL,OCB UNBLEACHED CONE 1 1/4 6PK,1,$49.75,4/28/2025 15:55,$46.00,$46.00,0,12/24/2024 12:24
077170120159,WRAPS/FILTERS/HEMP/CONES,FILTER TUBES,OCB UNBLEACHEDCONE KING SIZE,1,$30.50,4/24/2025 17:00,$45.00,$45.00,0,1/24/2025 12:33
077170121309,WRAPS/FILTERS/HEMP/CONES,,TOP TUBE MENTHOL 100MM 250CT,1,$19.50,4/2/2025 9:26,$18.60,$18.60,0,1/5/2024 11:31
077170122436,WRAPS/FILTERS/HEMP/CONES,WRAPS/PREROLL,OCB BAMBOO CONE 1 1/4 6PK,2,$104.00,5/7/2025 16:34,$39.00,$70.00,3,4/30/2025 14:50
077170122689,WRAPS/FILTERS/HEMP/CONES,,OCB BAMBOO CONE SML SIZE 8PK,2,$97.98,5/13/2025 11:55,$39.00,$78.00,9,4/30/2025 14:50
077170122702,WRAPS/FILTERS/HEMP/CONES,,OCB BAMBOO CONE MINI 10PK,2,$105.98,4/28/2025 15:55,$46.00,$92.00,0,11/30/2024 12:53
077170260275,WRAPS/FILTERS/HEMP/CONES,FILTER TUBES,TOP TUBE REG  KING 250 X5,4,$66.00,4/23/2025 11:26,$12.35,$49.40,0,12/24/2024 14:42
077170260299,WRAPS/FILTERS/HEMP/CONES,,GAMBLE REG RED KING TUBE 200CT,7,$87.50,4/22/2025 15:07,$10.75,$75.25,0,11/30/2024 14:32
077170260305,WRAPS/FILTERS/HEMP/CONES,,GAMBLER GOLD KING 5PK,2,$26.00,5/10/2025 11:21,$11.35,$22.70,0,10/28/2024 12:48
077170260633,WRAPS/FILTERS/HEMP/CONES,,GAMBLER TUBE MENTHOL KING 5PK,2,$33.50,5/13/2025 9:39,$14.25,$28.50,0,5/28/2024 13:26
077170260657,WRAPS/FILTERS/HEMP/CONES,,GAMBLER REGULAR 100'S 5PK,2,$33.50,4/9/2025 14:28,$14.85,$29.70,0,12/24/2024 14:42
077170260732,WRAPS/FILTERS/HEMP/CONES,,GAMBELR TUBE CUT 100' FULL 5PK,5,$82.50,4/14/2025 17:34,$15.10,$75.50,0,5/7/2024 12:30
077170260756,WRAPS/FILTERS/HEMP/CONES,,GAMBLER TUBE CUT KING GOLD 5PK,3,$37.50,4/22/2025 15:07,$11.10,$33.30,0,12/24/2024 14:42
077170261005,WRAPS/FILTERS/HEMP/CONES,,GAMBLER TUBE CUT MENTHOL KING ,1,$16.50,4/22/2025 15:07,$15.00,$15.00,0,9/12/2023 9:08
077170510011,WRAPS/FILTERS/HEMP/CONES,,TOP PAPERS 24PK 100CT,9,$301.00,5/13/2025 16:02,$25.00,$225.00,0,1/24/2025 12:33
077170771795,WRAPS/FILTERS/HEMP/CONES,WRAPS/PREROLL,JOB 1.0 PAPER,3,$130.65,5/13/2025 9:55,$37.35,$112.05,0,9/17/2024 17:07
078000082401,FOOD & BEVERAGE,,DR.PEPPER 20OZ,1,$28.00,5/2/2025 14:30,$0.00,$0.00,0,
079083127249,WRAPS/FILTERS/HEMP/CONES,WRAPS/PREROLL,JOB 1.25 PAPER,9,$383.85,5/13/2025 10:26,$36.00,$324.00,0,1/24/2025 12:33
079083157246,WRAPS/FILTERS/HEMP/CONES,WRAPS/PREROLL,JOB 1.5 PAPER,7,$304.85,5/13/2025 9:55,$36.00,$252.00,0,1/24/2025 12:33
079223056101,,,GAS CAN 5 GAL,0,$0.00,3/18/2025 19:06,$13.90,$0.00,4,4/30/2025 14:50
079400251602,MEDS/DAILY CARE,,DEGREE SHOWER CLEAN1.6OZ,1,$3.00,4/3/2025 17:39,$2.48,$2.48,0,8/19/2023 10:44
079581995265,FOOD & BEVERAGE,,CALYPSO GRAPEBERRY LEMONAD20OZ,1,$19.50,4/1/2025 15:23,$16.80,$16.80,0,10/27/2020 12:14
079594184045,PLASTIC/PAPER GOODS,,PAPER BAG #4 500CT,95,"$1,037.00",5/13/2025 9:36,$7.00,$665.00,0,10/7/2024 14:55
081635000245,,,FUJIMA MAPLE CHERRY WOOD PIPE,1,$30.75,4/1/2025 11:47,$24.00,$24.00,0,5/22/2018 14:41
081635001037,SMOKE SUPPLIES,BUTANE,LUCIENNE BUTANE FLUID100ML 12C,1,$24.00,4/9/2025 15:34,$18.00,$18.00,0,9/6/2024 15:08
081635011012,LIQUOR SUPPLIES,,FUJUIMA BOTTLE OPENER 72CT,1,$25.50,5/12/2025 10:44,$14.95,$14.95,0,4/1/2024 18:01
081635102901,,,FUJIMA BAR TENDER TOOL 12CT,1,$21.00,4/30/2025 14:41,$12.60,$12.60,0,9/6/2024 15:08
081635103106,LIQUOR SUPPLIES,,FUJIMA CORKSCREW BLISTER PACK,68,$153.00,5/8/2025 14:22,$1.46,$95.20,0,5/1/2025 14:05
081635103403,LIQUOR SUPPLIES,,FUJIMA HQ BARTRNDER TOOL,1,$21.00,5/2/2025 12:13,$13.50,$13.50,0,9/6/2024 15:08
082665110256,PLASTIC/PAPER GOODS,,FOAM PLATES 25CT APOLLO,44,$46.20,4/29/2025 12:17,$0.78,$34.37,0,11/16/2024 14:12
083078123147,MEDS/DAILY CARE,,CARMEX TUBES 12PK,4,$60.00,5/13/2025 18:23,$11.99,$47.96,0,10/28/2024 11:56
086400320023,ELECTRONICS & ACCESSORIES,,TOP PRIM ROLLING MACHINE 70MM,1,$27.00,4/23/2025 15:52,$20.40,$20.40,0,9/6/2024 15:08
086400901758,WRAPS/FILTERS/HEMP/CONES,,OCB PREMIUM 11/4 SIZE 24'S,1,$21.00,4/7/2025 14:21,$18.00,$18.00,0,7/27/2020 12:59
086400903295,WRAPS/FILTERS/HEMP/CONES,,OCB ORGANIC HEMP 1 1/4 + TIPS,1,$34.00,4/2/2025 9:26,$29.00,$29.00,0,9/1/2021 13:18
086400903318,PLASTIC/PAPER GOODS,,OCB UNBLEACHED ORGANIC HEMP,1,$32.50,4/2/2025 9:26,$28.50,$28.50,0,9/1/2022 12:03
088169001182,SMOKE SUPPLIES,PIPES,BRASS PIPE SCREENS,1,$7.99,4/22/2025 15:07,$3.50,$3.50,0,9/6/2024 15:08
097339000023,FOOD & BEVERAGE,,TAMAZULA HOT SAUCE BLACK 4.7OZ,76,$87.40,5/9/2025 13:15,$0.80,$60.80,0,11/16/2024 14:39
097339000054,FOOD & BEVERAGE,,VALENTINA HOT SAUCE 12.5OZ 1CT,102,$176.28,5/13/2025 9:56,$1.21,$123.42,0,1/24/2025 13:58
097339000061,FOOD & BEVERAGE,FOOD,VALENTINA HOT SAUCE BLACk 1CT,141,$248.49,5/13/2025 9:56,$1.25,$176.25,0,11/30/2024 11:46
1/6 BLACK,PLASTIC/PAPER GOODS,,1/6 BLACK HEAVY DUTY BAG,1039,"$7,692.75",5/13/2025 10:23,$5.22,"$5,424.62",0,3/6/2024 17:02
1/6 BLACK 1000,PLASTIC/PAPER GOODS,,1/6 BLACK BAGS 1000 COUNT,1075,"$14,523.50",5/13/2025 18:23,$11.00,"$11,825.00",0,8/2/2023 13:45
1/6 PREMIUM,PLASTIC/PAPER GOODS,,1/6 PREMIUM BLACK BAGS,1822,"$12,962.75",5/10/2025 14:40,$7.00,"$10,101.00",2872,
1/6 WHITE,PLASTIC/PAPER GOODS,PLASTIC BAGS,1/6 WHITE HEAVY BAGS,45,$366.25,5/13/2025 9:56,$7.00,$315.00,0,7/20/2023 9:34
1/6 WHITE 1000,PLASTIC/PAPER GOODS,PLASTIC BAGS,1/6 WHITE BAGS 1000 COUNT,267,"$3,406.00",5/13/2025 15:01,$11.15,"$2,977.05",0,8/2/2023 13:45
1/6 WHITE 800,,,1/6 WHITE 800CT,438,"$5,475.00",4/14/2025 12:01,$0.00,$0.00,0,
1/8 BLACK,PLASTIC/PAPER GOODS,,1/8 BLACK HEAVY DUTY BAG,1168,"$13,448.50",5/13/2025 14:27,$10.25,"$11,972.00",10909,8/2/2024 9:56
1/8 WHITE,PLASTIC/PAPER GOODS,,1/8  WHITE HEAVY DUTY BAG,6,$69.00,5/6/2025 17:33,$10.25,$61.50,0,5/11/2020 15:25
1/9 BLACK,PLASTIC/PAPER GOODS,PLASTIC BAGS,1/9 BLACK HEAVY DUTY BAG,1056,"$12,107.00",5/13/2025 9:56,$7.47,"$7,888.32",0,6/12/2024 17:07
1/9 WHITE,PLASTIC/PAPER GOODS,,1/9  WHITE  HEAVY DUTY BAG,226,"$2,299.00",5/1/2025 11:26,$10.00,"$2,260.00",0,8/21/2019 13:48
10014800512752,FOOD & BEVERAGE,JUICE/MIXERS,CLAMATO PICANTE 32OZ 12LS,7,$262.50,5/13/2025 10:59,$33.99,$237.93,0,1/24/2025 13:58
10014800513247,FOOD & BEVERAGE,,CLAMATO 32OZ,25,$902.00,5/13/2025 18:23,$27.00,$675.00,0,8/27/2024 11:02
10014800582007,FOOD & BEVERAGE,JUICE/MIXERS,REAL LIME JUICE 24PCS,16,$236.00,5/13/2025 16:02,$11.80,$188.80,0,11/30/2024 12:21
10014800582151,FOOD & BEVERAGE,,REAL LEMON JUICE 24PCS,9,$132.75,5/13/2025 16:02,$11.77,$105.93,0,11/30/2024 12:21
10038900008083,FOOD & BEVERAGE,,DOLE PINEAPPLE 46OZ CAN 12PK,9,$357.75,5/5/2025 17:42,$35.12,$316.08,0,10/28/2024 12:29
10077071542040,LIQUOR SUPPLIES,,FOAM COOLER CASE 8PK,15,$708.75,5/13/2025 10:23,$40.64,$609.60,0,5/28/2024 15:29
10077170260241,ELECTRONICS & ACCESSORIES,,TOP CIG MACHINE 100MM,1,$31.50,4/12/2025 10:54,$26.25,$26.25,0,9/6/2024 15:08
10657032774385,ELECTRONICS & ACCESSORIES,,MAGIC 25 CIG FILTER 30CT,1,$35.00,4/22/2025 15:07,$28.80,$28.80,0,9/6/2024 15:08
10840048202960,TOBACCO VAPE,2.8mg VAPE,JUUL MENTHOL 3%,40,$618.40,5/2/2025 10:17,$14.95,$598.00,0,6/5/2024 13:37
10855553008143,SMOKE SUPPLIES,,NEON BUTANE 5X 12CT 300ML,1.5,$27.00,4/9/2025 15:34,$13.50,$20.25,0,10/28/2024 10:36
10857545008728,WRAPS/FILTERS/HEMP/CONES,,BILLIONAIRE HEMP OGK 25CT,3,$40.50,4/28/2025 15:55,$10.50,$31.50,0,11/16/2024 13:41
10857545009473,WRAPS/FILTERS/HEMP/CONES,,BILLIONAIRE WATERMELON DRIP WR,1,$13.50,4/2/2025 9:26,$10.50,$10.50,0,11/16/2024 13:41
10857545009510,WRAPS/FILTERS/HEMP/CONES,,BILLIONAIRE BIRTHDAY CAKE WRAP,2,$27.00,4/28/2025 15:55,$10.50,$21.00,0,11/16/2024 13:41
10857545011308,WRAPS/FILTERS/HEMP/CONES,,BILLIONAIRE BALDACCI BLACK WRA,1,$13.50,5/13/2025 16:02,$10.50,$10.50,0,11/16/2024 13:41
10857545012053,WRAPS/FILTERS/HEMP/CONES,,BOB MARLEY OGK WRAPS,1,$13.50,4/2/2025 9:26,$10.75,$10.75,0,
10857545012084,,,BOB MARLEY MANGO PEACH WRAPS,1,$13.50,4/2/2025 9:26,$10.75,$10.75,0,
10858576005007,FOOD & BEVERAGE,,DON CHELADA BLUE 24CT,3,$86.25,5/13/2025 10:23,$26.09,$78.27,0,9/17/2024 17:07
10858576005014,FOOD & BEVERAGE,,DON CHELADA RED 24CT,3,$86.25,5/13/2025 10:23,$26.90,$80.70,0,6/25/2024 11:10
10858576005366,,,DON CHELADA CHAMOY,1,$28.75,5/6/2025 15:13,$26.09,$26.09,0,9/17/2024 17:07
10858576005427,FOOD & BEVERAGE,,DON CHELDA MANGO CHILE,1,$28.75,4/14/2025 10:38,$26.09,$26.09,0,9/17/2024 17:07
10LBS,PLASTIC/PAPER GOODS,,10 LBS ICE BAG 400CT,2,$53.00,4/21/2025 10:19,$0.00,$0.00,0,
123541132548635,,,SILVER PIPE SCREEN FILTER,1,$7.99,5/12/2025 14:54,$3.50,$3.50,0,
12ozplastic,LIQUOR SUPPLIES,,12 oz PLASTIC BOTTLE CARRIERS,5,$160.00,5/6/2025 11:07,$29.75,$148.75,0,10/29/2021 10:44
139685241030,SUPPLEMENTS,,SWAG PREMIUM BLUE HONEY 12CT,2,$30.00,5/9/2025 11:25,$8.00,$16.00,0,7/7/2021 14:24
14.5X19BAG,PLASTIC/PAPER GOODS,,UNPRINTED 14.5X19 BAG,410,"$9,635.00",4/28/2025 16:22,$0.00,$0.00,410,
183689182028,PLASTIC/PAPER GOODS,,PLENTY BIG ROLL 15CT,2,$39.00,4/28/2025 14:16,$15.99,$31.98,0,6/1/2024 12:12
20301490000391,MEDS/DAILY CARE,,PEPTO BISMOL CHEW 32CT,1,$37.50,5/13/2025 10:26,$30.00,$30.00,0,12/24/2024 12:24
20323900048366,MEDS/DAILY CARE,PILLS,NYQUIL SEVERE 32 2PK,1,$36.00,4/28/2025 14:16,$28.50,$28.50,0,1/24/2025 12:33
20323900048373,MEDS/DAILY CARE,PILLS,DAYQUIL 32CT 2PK,2,$72.00,5/3/2025 15:26,$30.00,$60.00,0,1/24/2025 12:33
21485X50,PLASTIC/PAPER GOODS,,2 1/4 x 85 THERMAL ROLLS 50CT,2,$36.00,5/2/2025 14:16,$16.00,$32.00,0,6/6/2023 15:36
2162526603,SMOKE SUPPLIES,ESSENCE,BLUNT AROMA DISPLAY 72 CT,16,$268.00,5/10/2025 11:00,$9.10,$145.60,0,9/9/2020 12:35
27 JUMBO,PLASTIC/PAPER GOODS,,27 JUMBO BLACK BAGS,170,"$2,380.00",5/9/2025 10:21,$7.67,"$1,303.90",0,9/19/2023 14:50
286495789648,SMOKE SUPPLIES,,BLACKJACK BLUEDREAM 50PK,1,$49.50,4/11/2025 11:23,$40.00,$40.00,0,
286495789655,SMOKE SUPPLIES,,BLACKJACK DURBAN POISON 50PK,1,$49.50,4/15/2025 10:36,$40.00,$40.00,0,
286495789679,SMOKE SUPPLIES,,BLACKJACK DEATHSTAR OG 50PK,2,$99.00,4/19/2025 11:23,$40.00,$80.00,0,
286495789693,SMOKE SUPPLIES,,BLACKJACK BANANA KUSH 50PK,1,$49.50,4/15/2025 10:36,$40.00,$40.00,0,
30035000556760,MEDS/DAILY CARE,MISC,COLOGATE TOOTHBRUSH 12CT,4.5,$49.50,4/28/2025 15:02,$6.00,$27.00,0,9/12/2023 9:29
30037900991467,SMOKE SUPPLIES,BUTANE,RONSON MULTI-FILL 12CT 2.75OZ,1.5,$44.25,4/9/2025 15:34,$24.30,$36.45,0,10/5/2022 17:28
300450449054,MEDS/DAILY CARE,PILLS,TYLENOL 24CT 6PK,6,$166.50,5/13/2025 10:26,$23.10,$138.60,0,11/30/2024 12:44
300450449108,MEDS/DAILY CARE,PILLS,TYLENOL 50CT 2PK,11,$203.50,5/13/2025 11:55,$11.99,$131.89,0,4/15/2024 11:18
300450481528,,,MORTIN-IB 50CT,1,$14.50,4/28/2025 14:16,$11.99,$11.99,0,1/24/2025 14:24
30076171063558,AUTOMOTIVE,,LITTLE TREE BLK ICE SPRAY 6CT,1,$15.00,4/8/2025 16:12,$12.00,$12.00,0,7/7/2021 14:24
30076171101557,AUTOMOTIVE,,LITTLE TRESS BLACK ICE,3,$47.25,4/28/2025 14:19,$13.50,$40.50,0,10/28/2024 10:36
3014260211332,MEDS/DAILY CARE,,GILLETTE GOOD NEWS RAZORS 10X5,1,$55.00,4/1/2025 11:47,$40.00,$40.00,0,11/16/2024 15:20
301490039045,MEDS/DAILY CARE,,PEPTO BISMOL 4 OZ,9,$40.50,5/9/2025 10:00,$3.25,$29.25,0,11/16/2024 13:41
305730150200,MEDS/DAILY CARE,,ADVIL 24CT 6PK,2,$57.00,5/2/2025 10:05,$15.00,$30.00,0,11/11/2024 10:45
305730154895,MEDS/DAILY CARE,PILLS,ADVIL BOX 50CT 2PK,4,$58.00,5/13/2025 11:55,$8.32,$33.28,0,2/5/2024 13:37
305730164559,MEDS/DAILY CARE,PILLS,ADVIL PM 50CT ,3,$55.50,5/13/2025 9:56,$14.27,$42.81,0,5/1/2023 14:42
305730169202,MEDS/DAILY CARE,,ADVIL LIQUI GEL 6PK 24CT,1,$31.00,4/25/2025 11:55,$27.00,$27.00,0,11/16/2024 13:41
305736559281,MEDS/DAILY CARE,,CHAP STICK 12CT,1,$14.85,4/9/2025 12:33,$10.99,$10.99,0,8/12/2024 10:56
307660739203,MEDS/DAILY CARE,,TUMS ASSORTED FRUIT 12CT,13,$143.00,5/13/2025 18:23,$8.75,$113.75,0,11/30/2024 12:53
307660745310,MEDS/DAILY CARE,MISC,TUMS 1000CT BERRIES,2,$29.98,4/18/2025 17:52,$12.99,$25.98,0,1/24/2025 14:24
307667388107,MEDS/DAILY CARE,,TUMS ASSORTED BERRIES 12CT,5,$55.00,5/13/2025 11:55,$8.75,$43.75,0,11/30/2024 12:53
312546050792,MEDS/DAILY CARE,,HALLS CHERRY 20CT,3,$67.50,5/12/2025 15:04,$20.00,$60.00,0,11/30/2024 14:32
312546050808,MEDS/DAILY CARE,,HALLS ICE HONEY-LEMON 20CT,10,$225.00,4/26/2025 10:28,$16.75,$167.50,0,11/16/2024 15:20
312547113687,MEDS/DAILY CARE,EYE DROPS,VISINE 12PK,19,$513.00,5/13/2025 11:55,$22.99,$436.81,0,1/24/2025 14:24
323900014244,MEDS/DAILY CARE,LIQUID,NYQUIL COLD & FLU 8OZ,6,$52.50,5/13/2025 18:23,$7.75,$46.50,0,10/26/2024 15:02
323900014350,MEDS/DAILY CARE,,DAYQUIL 8OZ LIQUID,6,$52.50,5/13/2025 18:23,$7.75,$46.50,0,10/26/2024 15:02
325866105028,MEDS/DAILY CARE,,ALEVE 24CT 6PK,0.5,$16.00,4/8/2025 19:09,$27.00,$13.50,0,9/15/2023 12:17
36 JUMBO ,PLASTIC/PAPER GOODS,,36 JUMBO BLACK BAG ,214,"$4,088.00",5/10/2025 10:32,$12.37,"$2,647.18",0,9/19/2023 14:50
369874890057,,,SWAG GOLD HONEY 9000K,1,$15.00,5/9/2025 11:25,$0.00,$0.00,0,
381370047544,MEDS/DAILY CARE,MISC,J&J FLEXIBLE BAND-AID,1,$11.50,4/12/2025 16:03,$7.93,$7.93,0,10/7/2024 10:07
4276670820,SMOKE SUPPLIES,ESSENCE,BLUNT AROMA 3 IN 1 12CT,4,$24.00,4/14/2025 17:02,$5.20,$20.80,0,9/9/2020 12:35
498746123440,,,GOLD RHINO HONEY ,1,$15.00,5/9/2025 11:25,$8.00,$8.00,0,
522892599573,SUPPLEMENTS,,KITTY KAT PILL,1,$60.00,4/19/2025 11:48,$36.00,$36.00,0,
54,FOOD & BEVERAGE,SODA,TOPOCHICO GLASS WATER 24CT,12,$417.00,5/13/2025 18:23,$28.99,$347.88,0,11/30/2024 11:46
6001135009436,MEDS/DAILY CARE,LIQUID,LISTERINE 250ML COOL MINT,3,$9.75,5/13/2025 9:56,$2.50,$7.50,0,4/15/2024 17:35
601574030303,,,BLUE RHINO HONEY ,1,$15.00,5/9/2025 11:25,$8.00,$8.00,0,
601574030433,SUPPLEMENTS,,BLACK PANTHER HONEY,3,$45.00,5/10/2025 12:46,$8.00,$24.00,0,
601574546163,MEDS/DAILY CARE,PILLS,SWAG HONEY 12CT,6,$90.00,5/1/2025 10:47,$8.00,$48.00,20,4/30/2025 14:28
609249900418,SUPPLEMENTS,,ZYN 3MG COOL MINT,8,$192.00,5/10/2025 11:21,$20.55,$156.00,0,9/19/2023 11:31
609249900425,SUPPLEMENTS,,ZYN 6MG COOL MINT 5CT,16,$384.00,5/13/2025 11:55,$20.50,$312.00,0,9/19/2023 11:31
609249901415,SUPPLEMENTS,,ZYN 3MG PEPPERMINT 5CT,5,$120.00,5/12/2025 10:44,$20.75,$103.75,0,11/30/2024 12:29
609249901422,SUPPLEMENTS,,ZYN 6MG PEPPERMINT 5CT,14,$336.00,5/12/2025 13:09,$20.74,$290.36,0,11/30/2024 12:29
609249902412,SUPPLEMENTS,,ZYN 3MG SPEARMINT 5CT,4,$96.00,5/13/2025 11:55,$20.75,$83.00,0,11/16/2024 14:21
609249903419,SUPPLEMENTS,,ZYN 3MG WINTERGREEN 5CT,7,$168.00,4/12/2025 14:14,$20.50,$150.50,0,9/19/2023 11:31
609249903426,SUPPLEMENTS,,ZYN 6MG WINTERGREEN 5CT,16,$384.00,5/13/2025 9:36,$19.50,$312.00,0,9/19/2023 11:31
609249904416,SUPPLEMENTS,,ZYN 3MG COFFEE,3,$72.00,5/13/2025 11:55,$20.55,$58.50,0,
609249904423,SUPPLEMENTS,,ZYN 6MG COFFE 5CT,8,$192.00,5/12/2025 10:44,$19.50,$156.00,0,
609249906410,SUPPLEMENTS,,ZYN 3MG CINNAMON,2,$48.00,5/13/2025 11:55,$20.74,$39.00,0,
609249907417,SUPPLEMENTS,,ZYN CITRUS 3MG 5CT,9,$216.00,5/12/2025 10:44,$20.75,$186.75,0,11/30/2024 12:29
609249923110,SUPPLEMENTS,,ZYN 3MG MENTHOL,4,$96.00,4/25/2025 11:18,$20.55,$78.00,0,
611269000986,FOOD & BEVERAGE,ENERGY DRINK,RED BULL GREEN 8.4 OZ 24CT,1,$39.00,5/7/2025 16:43,$36.89,$36.89,0,4/4/2023 11:16
611269001297,FOOD & BEVERAGE,,RED BULL AMBER 8.4OZ,1,$39.00,4/8/2025 16:49,$36.29,$36.29,0,7/27/2023 13:14
611269001310,FOOD & BEVERAGE,,RED BULL AMBER 12OZ,2,$113.00,4/16/2025 17:01,$50.18,$100.36,0,9/12/2023 11:41
611269001389,FOOD & BEVERAGE,ENERGY DRINK,RED BULL GREEN 12 OZ 24CT,2,$114.00,4/23/2025 16:48,$47.90,$95.80,0,6/2/2023 14:12
611269001570,FOOD & BEVERAGE,,RED BULL AMBER 12  OZ 4PK,2,$114.00,4/8/2025 10:10,$49.00,$98.00,0,
611269001990,FOOD & BEVERAGE,,RED BULL 12OZ 4PK ELDERFLOWER,1,$57.00,5/2/2025 14:35,$54.27,$54.27,0,
611269002553,,,RED BULL 12OZ PURPLE EDITION,15,$855.00,5/13/2025 18:23,$0.00,$0.00,0,
611269003055,FOOD & BEVERAGE,,RED BULL 12OZ PINK EDITION,9,$513.00,5/13/2025 9:56,$55.90,$503.10,0,
611269003093,FOOD & BEVERAGE,,RED BULL 8.4 OZ PINK EDITION,5,$195.00,4/23/2025 16:48,$0.00,$0.00,0,
611269043761,FOOD & BEVERAGE,,RED BULL YELLOW 12  OZ 4PK,4,$228.00,4/29/2025 14:57,$49.00,$196.00,0,
611269115482,FOOD & BEVERAGE,,RED BULL YELLOW 12 OZ,2,$113.00,5/9/2025 9:55,$49.00,$98.00,0,9/19/2023 15:35
611269134551,FOOD & BEVERAGE,,RED BULL 20OZ,29,"$1,272.00",5/8/2025 17:08,$41.00,"$1,189.00",0,12/7/2023 17:19
611269134568,FOOD & BEVERAGE,ENERGY DRINK,RED BULL SUGAR FREE 20 OZ,5,$217.00,4/30/2025 14:08,$41.99,$209.95,0,1/23/2023 12:22
611269163629,FOOD & BEVERAGE,,RED BULL YELLOW 8.4 OZ 4PK,1,$39.00,5/7/2025 16:43,$36.89,$36.89,0,4/4/2023 11:16
611269182545,FOOD & BEVERAGE,,RED BULL BLUE 12 OZ,6,$342.00,4/23/2025 16:48,$56.48,$338.88,0,2/5/2024 13:37
611269277364,FOOD & BEVERAGE,,RED BULL 8.4OZ 4PK SUGAR FREE,5,$195.00,5/10/2025 11:08,$38.50,$192.50,0,
611269281613,FOOD & BEVERAGE,,RED BULL COCONUT 8.4 OZ,1,$38.00,4/16/2025 17:01,$36.89,$36.89,0,4/4/2023 11:16
611269281620,FOOD & BEVERAGE,,RED BULL YELLOW 8.4FL OZ,2,$78.00,4/25/2025 12:21,$34.00,$68.00,0,8/12/2024 10:56
611269322897,FOOD & BEVERAGE,,RED BULL COCONUT 12 OZ,1,$57.00,4/24/2025 9:58,$49.00,$49.00,0,
611269423754,FOOD & BEVERAGE,,RED BULL SUGAR FREE 12 OZ,3,$171.00,4/28/2025 13:44,$50.13,$150.39,0,10/7/2023 15:23
611269453560,FOOD & BEVERAGE,,RED BULL RED 12 OZ,4,$228.00,4/25/2025 11:46,$51.28,$205.12,0,8/3/2023 13:33
611269454482,FOOD & BEVERAGE,,RED BULL RED CAN 8.4FL OZ ,3,$116.00,5/13/2025 9:43,$36.29,$108.87,0,4/3/2023 11:36
611269546231,FOOD & BEVERAGE,,RED BULL 16OZ,14,$559.00,5/9/2025 10:00,$34.99,$489.86,0,5/6/2024 11:00
611269546231611269546231,LIQUOR SUPPLIES,,6PK CARDBOARD BEER HOLDER,5,$225.00,5/6/2025 11:07,$41.50,$207.50,0,9/15/2021 11:11
611269546248,FOOD & BEVERAGE,,RED BULL 16OZ SUGAR FREE,1,$39.00,4/16/2025 17:01,$38.90,$38.90,0,9/2/2023 13:25
611269568370,FOOD & BEVERAGE,,RED BULL 8.4OZ 4PK 24CASE,30,"$1,165.50",5/13/2025 10:59,$36.62,"$1,098.60",0,
611269646528,FOOD & BEVERAGE,,RED BULL 12OZ 4PK,15,$849.00,5/13/2025 18:23,$54.27,$814.05,0,2/5/2024 13:37
611269836486,FOOD & BEVERAGE,,RED BULL SUGAR FREE 12 OZ 4 PK,9,$513.00,5/13/2025 9:39,$52.77,$474.93,0,2/5/2024 13:37
611269917475,FOOD & BEVERAGE,,RED BULL 12OZ,18,"$1,023.00",5/9/2025 10:00,$49.98,$899.64,0,9/19/2023 15:34
611269991246,FOOD & BEVERAGE,,RED BULL 8.4FL OZ ,2,$78.00,4/28/2025 14:16,$37.99,$75.98,0,5/13/2024 12:25
618149267064,TOBACCO VAPE,60mg VAPE,BREEZE GRAPE 10CT,2,$210.95,4/7/2025 12:34,$101.20,$202.40,0,3/25/2025 15:36
618149267149,TOBACCO VAPE,60mg VAPE,BREEZE CHERRY LEMON 10CT,1,$105.50,4/1/2025 14:37,$101.20,$101.20,0,3/25/2025 15:36
618149267163,TOBACCO VAPE,60mg VAPE,BREEZE LEMON MINT 10CT,1,$105.50,4/15/2025 10:55,$101.20,$101.20,0,3/25/2025 15:36
618149267187,TOBACCO VAPE,60mg VAPE,BREEZE MINT 10CT,1,$105.45,5/7/2025 16:43,$101.20,$101.20,0,3/25/2025 15:36
618149267200,TOBACCO VAPE,60mg VAPE,BREEZE ORNGMANGOMELON 10CT,1,$105.45,4/7/2025 12:34,$101.20,$101.20,0,3/25/2025 15:36
618149267248,TOBACCO VAPE,60mg VAPE,BREEZE STRAWPCHMINT 10CT,1,$105.45,4/7/2025 12:34,$101.20,$101.20,0,2/7/2025 14:17
618149267972,TOBACCO VAPE,60mg VAPE,BREEZE SPEARMINT 10CT,1,$105.50,4/1/2025 14:37,$101.20,$101.20,0,3/25/2025 15:36
618149268498,TOBACCO VAPE,60mg VAPE,BREEZE BLUE RASP 10CT,1,$105.45,5/13/2025 16:02,$101.20,$101.20,0,3/25/2025 15:36
618149269068,TOBACCO VAPE,60mg VAPE,BREEZE TOBACCO 10CT,2,$210.90,4/28/2025 15:55,$101.20,$202.40,0,2/7/2025 14:17
618149269150,TOBACCO VAPE,60mg VAPE,BREEZE BLUEBERRY MELON 10CT,1,$105.50,4/15/2025 10:55,$101.20,$101.20,0,3/25/2025 15:36
6273565556,PLASTIC/PAPER GOODS,,RED & WHITE CUPS 16CT,849,"$1,974.70",5/13/2025 18:23,$0.61,$519.59,0,6/12/2024 17:07
632565000050,FOOD & BEVERAGE,,FIJI WATER 33.8FL 12CT,1,$25.50,4/8/2025 10:26,$21.66,$21.66,0,7/27/2023 17:23
632565000111,FOOD & BEVERAGE,,FIJI WATER 500 ML,1,$22.50,4/15/2025 10:05,$19.80,$19.80,0,2/16/2021 12:15
633148100013,FOOD & BEVERAGE,FOOD,TAJIN CLASICO SEASONING 5 OZ,72,$175.80,5/12/2025 17:09,$1.92,$138.24,0,11/30/2024 11:46
633148177541,FOOD & BEVERAGE,,TAJIN MINISEASONING 3.5OZ 10PK,2,$9.00,5/13/2025 16:02,$3.17,$6.34,0,4/20/2024 11:06
636227024460,MEDS/DAILY CARE,,MAGIC COMB 12 PCS,2,$15.60,4/9/2025 16:27,$4.60,$9.20,0,6/12/2023 11:48
638872480301,PLASTIC/PAPER GOODS,,3 1/8 x 230THERMAL ROLLS 50CT,38,"$1,370.00",5/13/2025 14:55,$37.00,"$1,406.00",0,3/27/2023 14:30
639277467874,FOOD & BEVERAGE,,OLIVE GREEN TUSCAN GARDEN,9,$29.25,5/10/2025 11:08,$1.25,$11.25,0,5/28/2024 15:27
649964321570,WRAPS/FILTERS/HEMP/CONES,,WILD HEMP RUSSIAN CREAM 4/99,1,$12.50,4/2/2025 9:26,$10.00,$10.00,0,5/28/2024 13:26
649964321617,WRAPS/FILTERS/HEMP/CONES,,WILD HEMP RAZZLETAZ 4/99,1,$12.50,5/2/2025 10:39,$10.00,$10.00,0,12/24/2024 14:42
655708016305,MEDS/DAILY CARE,PILLS,CLARITIN 24 HOUR 20CT,1,$23.50,5/13/2025 17:34,$20.00,$20.00,0,12/24/2024 12:24
655708018804,,,PICOT ANTACID48CT,1,$11.50,4/15/2025 10:36,$9.90,$9.90,0,3/19/2024 13:38
655708019665,SMOKE SUPPLIES,, BIC REGULAR CLASSICFLICK 50CT,2,$101.00,4/4/2025 11:21,$36.50,$73.00,0,11/30/2024 12:44
655708029459,MEDS/DAILY CARE,,TYLENOL PM 25CT,3,$34.50,5/9/2025 10:00,$8.50,$25.50,0,5/23/2022 12:31
655708120903,MEDS/DAILY CARE,,COLGATE W/ TOOTHBRUSH 6PK ,2,$18.00,5/9/2025 10:00,$3.00,$6.00,0,1/24/2025 11:47
659675668673,PLASTIC/PAPER GOODS,,7 OZ PLASTIC CUPS 2400CT,12,$392.00,5/12/2025 12:42,$27.26,$327.12,0,6/12/2024 17:07
659962175976,PLASTIC/PAPER GOODS,,PACIFIC PLASTIC SPOONS BLK 50C,15,$15.00,5/6/2025 9:41,$0.72,$10.80,0,
659962447264,PLASTIC/PAPER GOODS,,PACIFIC PLASTIC FORKS BLK 50C,3,$3.00,4/30/2025 15:03,$0.72,$2.16,0,
661799950527,SUPPLEMENTS,,STIFF ROCK 22CT,1,$55.00,4/8/2025 19:09,$26.00,$26.00,0,7/7/2021 14:24
676979266602,PLASTIC/PAPER GOODS,,CLEAR TAPE ROLL 36CT,12,$9.00,4/25/2025 11:55,$19.80,$237.60,0,11/30/2024 12:53
676979800363,LIQUOR SUPPLIES,,WINE GLASSES 6CT ,12,$18.00,4/16/2025 14:25,$0.95,$11.40,0,9/20/2021 11:29
6850804354,PLASTIC/PAPER GOODS,,7 OZ PLASTIC CUPS 1000 CT 5PK,48,$903.00,5/6/2025 11:40,$13.50,$648.00,0,1/24/2025 12:52
685757524803,PLASTIC/PAPER GOODS,,TOILET TISSUE ROLLS 48 CT,2,$49.00,5/7/2025 15:23,$20.00,$40.00,0,7/12/2023 13:39
686751121272,,,RHINO 25 PLATINUM 10K 3D,0,$0.00,4/12/2025 17:49,$17.05,$0.00,0,
688130664554,PLASTIC/PAPER GOODS,,8 LBS ICE BAG,41,$755.00,5/9/2025 10:41,$18.50,$758.50,8402,12/11/2020 13:06
692345002100,SMOKE SUPPLIES,GRINDERS,GRINDER ITEM MH210 4PARTS,1,$5.65,4/8/2025 16:49,$4.50,$4.50,0,11/23/2020 15:11
692345002209,SMOKE SUPPLIES,GRINDERS,GRINDER ITEM MH220 4PARTS,1,$5.75,4/8/2025 16:49,$4.55,$4.55,0,11/23/2020 15:11
692345002322,SMOKE SUPPLIES,GRINDERS,GRINDER ITEM MH232 4PARTS,1,$4.75,4/8/2025 16:49,$3.75,$3.75,0,11/23/2020 15:11
692345099339,SUPPLEMENTS,,BURRO 2PK,3,$165.00,4/19/2025 11:48,$48.00,$144.00,0,
6924513905321,,,HALLS STRAWBERRY ,11,$247.50,5/13/2025 11:55,$16.50,$181.50,0,3/26/2024 11:52
6924513905604,MEDS/DAILY CARE,,HALLS BLACK 20CT,10,$225.00,5/12/2025 15:04,$16.50,$165.00,108,4/30/2025 14:28
6924513906182,FOOD & BEVERAGE,,HALLS MENTHOL,12,$270.00,5/13/2025 11:55,$16.50,$198.00,0,9/30/2024 10:19
6939342804042,,,SOUR SQUEZZE CANDY 12PCS,-1,-$19.50,4/3/2025 17:39,$12.00,-$12.00,0,10/7/2024 14:47
694367247415,,,RHINO 69 500K,1,$50.00,4/19/2025 10:51,$18.00,$18.00,0,9/19/2024 10:05
6974488941114,TOBACCO VAPE,75mg VAPE,POSH XTRON MINT 5PK 10K,1,$55.99,4/8/2025 9:21,$48.88,$48.88,0,2/7/2025 14:07
6974488943989,TOBACCO VAPE,75mg VAPE,POSH XTRON MOCHA FRAP 5PK 10K,0,$0.00,11/9/2024 10:31,$50.03,$0.00,-3,6/5/2024 13:26
6974488945150,TOBACCO VAPE,75mg VAPE,POSH XTRON STRAWMINT 5PK 10K,1,$55.99,4/4/2025 9:51,$50.03,$50.03,0,2/7/2025 14:07
6974488945167,TOBACCO VAPE,75mg VAPE,POSH XTRON HONEYMELON 5PK 10K,1,$55.99,4/8/2025 10:21,$50.03,$50.03,0,2/7/2025 14:07
6974488945198,TOBACCO VAPE,75mg VAPE,POSH XTRON MELON MINT 5PK 10PK,3,$167.97,4/25/2025 17:18,$48.30,$144.90,3,11/18/2024 15:52
6974488947635,TOBACCO VAPE,75mg VAPE,POSH XTRON BLUBRY RASP 5PK 10K,1,$55.99,5/13/2025 16:02,$48.30,$48.30,0,2/7/2025 14:07
6PKRING,LIQUOR SUPPLIES,,6PK RING 4300 COUNT,63,"$8,349.25",5/13/2025 10:26,$118.50,"$7,465.50",0,6/7/2024 16:45
7 PIPE,SMOKE SUPPLIES,PIPES,7 PIPE,12,$30.00,4/8/2025 16:49,$4.25,$51.00,0,
702571432296,SMOKE SUPPLIES,,DANKLEAF LEMON HAZE 10PK,2,$84.00,4/25/2025 15:00,$32.00,$64.00,0,
702571432302,SMOKE SUPPLIES,,DANKLEAF GIRL SCOUT COOKIE10PK,2,$84.00,4/24/2025 9:59,$32.00,$64.00,0,
702571432319,SMOKE SUPPLIES,,DANKLEAF WEDDING CAKE 10PK,1,$42.00,4/24/2025 9:59,$32.00,$32.00,0,
702571432326,SMOKE SUPPLIES,,DANKLEAF SKYWALKER OG 10PK,3,$126.00,4/24/2025 9:59,$32.00,$96.00,0,
707670059184,SMOKE SUPPLIES,LIGHTERS,9MM PISTOL LIGHTER 18CT,1,$67.50,4/26/2025 12:16,$54.00,$54.00,0,11/16/2024 13:41
707670090729,SMOKE SUPPLIES,LIGHTERS,9MM PISTOL LIGHTER 12CT,1,$46.50,4/26/2025 12:16,$36.00,$36.00,0,11/16/2024 13:41
707670101395,SMOKE SUPPLIES,,TECHNO TORCH 15 CT.,3,$85.50,5/1/2025 12:32,$22.50,$67.50,0,10/7/2024 14:47
712199070251,FOOD & BEVERAGE,,LIMONAZO 10CT,24,$84.00,5/12/2025 17:09,$2.76,$66.24,0,10/7/2024 9:40
716165174189,WRAPS/FILTERS/HEMP/CONES,,RAW ORGANIC 1 1/4 SIZE 24CT,1,$21.00,4/12/2025 16:03,$15.40,$15.40,0,8/17/2021 11:35
716165174585,WRAPS/FILTERS/HEMP/CONES,,RAW CONES KING SIZE 32PC 3CT,9,$351.00,5/12/2025 12:49,$28.50,$256.50,0,1/24/2025 14:24
716165177128,WRAPS/FILTERS/HEMP/CONES,WRAPS/PREROLL,RAW CONES 1 1/4  32PC 6CT,35,"$1,365.00",5/13/2025 18:23,$28.50,$997.50,74,4/30/2025 14:50
716165177326,WRAPS/FILTERS/HEMP/CONES,WRAPS/PREROLL,RAW CLASSIC 1 1/4 24CT,9,$180.00,5/13/2025 10:59,$14.99,$134.91,0,1/24/2025 14:24
716165177364,WRAPS/FILTERS/HEMP/CONES,WRAPS/PREROLL,RAW CLASSIC KING SLIM 50CT,1,$42.50,4/11/2025 10:18,$22.00,$22.00,0,11/16/2024 13:41
716165177401,WRAPS/FILTERS/HEMP/CONES,,RAW REGULAR ORIGINAL TIP 50CT,3,$52.50,5/13/2025 16:02,$13.50,$40.50,0,11/16/2024 13:41
716165201960,WRAPS/FILTERS/HEMP/CONES,CONES,RAW CONE HEMP 6CT 1/14,6,$238.50,5/13/2025 10:59,$32.50,$195.00,0,1/24/2025 12:33
718122085354,,,BLACK DIAMOND 500K,1,$89.00,4/29/2025 11:07,$0.00,$0.00,0,
718122085651,SUPPLEMENTS,,GOOD MORNING 30K,1,$88.00,4/19/2025 11:48,$66.00,$66.00,0,7/13/2021 12:46
718122086351,SUPPLEMENTS,,TITAN 500K,2,$210.00,5/10/2025 11:00,$60.00,$120.00,0,8/13/2024 10:45
719410175436,FOOD & BEVERAGE,,5-HOUR ENERGY WATERMELON,1,$23.25,4/28/2025 11:03,$21.00,$21.00,0,4/15/2024 11:18
719410186128,FOOD & BEVERAGE,ENERGY DRINK,5-HOUR EXTRA TRANSFUSION,2,$46.50,5/2/2025 10:05,$20.40,$40.80,0,1/24/2025 12:33
719410500122,FOOD & BEVERAGE,ENERGY DRINK,5-HOUR ENERGY BERRY,7,$148.75,5/12/2025 15:04,$16.00,$111.97,0,9/24/2024 12:44
719410700126,FOOD & BEVERAGE,ENERGY DRINK,5-HOUR EXTRA BERRY,11,$255.75,5/13/2025 18:23,$21.00,$231.00,0,1/24/2025 12:33
719410720124,FOOD & BEVERAGE,,5-HOUR EXTRA GRAPE,7,$162.75,5/2/2025 10:05,$18.00,$125.97,0,1/24/2025 11:47
719410725129,,,5-HOUR EXTRA ULTIMATE CITRUS,1,$23.25,4/28/2025 11:03,$20.40,$20.40,0,1/24/2025 12:33
719410739126,FOOD & BEVERAGE,ENERGY DRINK,5-HOUR EXTRA HAWAIIAN BREEZE,5,$116.25,5/8/2025 10:44,$17.50,$87.50,0,1/24/2025 11:47
719410740122,FOOD & BEVERAGE,ENERGY DRINK,5-HOUR EXTRA STRAWBERRY WM,1,$23.25,4/24/2025 17:30,$21.00,$21.00,0,1/24/2025 12:33
719410750121,FOOD & BEVERAGE,,5-HOUR EXTRA PEACH MANGO,1,$23.25,5/13/2025 11:55,$21.00,$21.00,0,1/24/2025 11:47
719410760120,FOOD & BEVERAGE,,5-HOUR EXTRA BLUE RASPBERRY,8,$186.00,5/13/2025 11:55,$21.00,$168.00,0,1/24/2025 11:47
719410775124,FOOD & BEVERAGE,ENERGY DRINK,5-HOUR EXTRA WATERMELON,2,$46.50,5/13/2025 9:43,$21.00,$42.00,0,7/16/2024 12:59
719410776121,FOOD & BEVERAGE,,5-HOUR ENERGY TIDAL TWIST,2,$46.50,5/13/2025 18:23,$17.50,$35.00,0,10/7/2024 10:07
719410785123,FOOD & BEVERAGE,,5-HOUR EXTRA TROPICAL BURST,4,$93.00,5/13/2025 11:55,$18.00,$71.98,0,11/30/2024 14:32
719410786120,FOOD & BEVERAGE,,5-HOUR EXTRA STRAWBERRY BANANA,2,$46.50,4/28/2025 11:03,$21.00,$42.00,0,1/24/2025 11:47
719410800123,FOOD & BEVERAGE,,5-HOUR ENERGY POMEGRANATE,4,$85.00,5/10/2025 12:46,$18.40,$73.60,0,4/24/2024 12:31
719499005112,WRAPS/FILTERS/HEMP/CONES,,HIGH HEMP HONEY 25CT,1,$18.00,4/29/2025 14:57,$14.00,$14.00,0,1/13/2021 11:56
719499005587,WRAPS/FILTERS/HEMP/CONES,,HIGH HEMP COOKIE 25CT,2,$36.00,4/29/2025 14:57,$14.00,$28.00,0,
720707207747,MEDS/DAILY CARE,,VIP HONEY SHOT 12PK,13,$338.00,5/9/2025 11:25,$18.00,$156.00,0,11/11/2024 10:45
724869007559,FOOD & BEVERAGE,,DE LA ROSA JAPONES 6CT PEANUT,7,$63.00,5/13/2025 16:02,$6.99,$48.93,0,11/16/2024 14:39
724869022293,FOOD & BEVERAGE,,DE LA ROSA JAPONES 16CT PEANUT,3,$16.50,5/13/2025 9:52,$3.99,$11.97,0,8/12/2024 12:05
731946013891,MEDS/DAILY CARE,PILLS,EXCEDRIN EXTRA STRENGTH 25CT,2,$23.00,5/2/2025 10:05,$7.75,$15.50,0,2/22/2024 16:20
741639109688,MEDS/DAILY CARE,MISC,SWAG PREMIUM GOLD HONEY 12CT,1,$15.00,5/9/2025 11:25,$8.00,$8.00,0,7/7/2021 14:24
749612320365,SUPPLEMENTS,,PREMIUM SWAG HONEY,3,$45.00,5/9/2025 11:25,$8.00,$24.00,0,3/19/2024 13:38
7501035010260,FOOD & BEVERAGE,,VIUDA DE SANCHEZ,15,$112.05,4/15/2025 16:34,$6.67,$100.05,0,11/30/2024 11:46
752423663477,PLASTIC/PAPER GOODS,,COMFIE,1,$27.50,5/9/2025 9:55,$21.00,$21.00,0,11/30/2024 12:02
756545392093,SMOKE SUPPLIES,,SATYA NAG CHAMPA DISPLAY,1,$58.75,5/7/2025 16:19,$42.00,$42.00,0,6/15/2024 15:37
756545704629,SMOKE SUPPLIES,,GREAT LIGHTER,23,$115.00,5/8/2025 10:27,$3.00,$69.00,0,11/16/2024 13:41
756545773083,LIQUOR SUPPLIES,,MINI TRAVEL BOTTLE OPENER 48CT,1,$24.00,4/28/2025 14:16,$16.80,$16.80,0,11/16/2024 13:41
756545861308,LIQUOR SUPPLIES,,SPANISH PLAYING CARDS,3,$60.00,5/10/2025 11:01,$15.00,$45.00,0,11/16/2024 13:41
756645773020,PLASTIC/PAPER GOODS,,PING PONG BALL 6CT,38,$64.50,4/21/2025 10:19,$1.00,$38.00,0,11/16/2024 13:41
761073426394,TOBACCO,SMOKE TOBACCO,KITE MENTHOL POUCH 6PK 3.4OZ,2,$63.98,5/9/2025 10:41,$29.78,$59.56,0,5/6/2025 12:38
761073428534,TOBACCO,SMOKE TOBACCO,BUGLER ORIG POUCH 6PK 3.4OZ,4,$127.96,5/2/2025 12:09,$29.78,$119.12,0,5/6/2025 12:38
761856815711,SMOKE SUPPLIES,PIPES,NOVELTY PIPE 6IN 60CT,3,$117.00,4/14/2025 17:02,$25.00,$75.00,0,
7622210641564,MEDS/DAILY CARE,MISC,HALLS LIME FRESH 20CT,5,$112.50,4/21/2025 17:24,$16.75,$83.75,0,
762221579030,SMOKE SUPPLIES,,ALIEN THC-A TRES LECHES SATIVA,2,$96.00,4/22/2025 11:10,$42.00,$84.00,0,1/24/2025 12:33
762221579047,SMOKE SUPPLIES,,ALIEN THC-A ALASKA THUNDER SAT,3,$144.00,5/6/2025 14:11,$42.00,$126.00,0,1/24/2025 12:33
762221579054,SMOKE SUPPLIES,,ALIEN THC-A CANDY KISS INDICA,4,$192.00,4/25/2025 15:00,$42.00,$168.00,0,1/24/2025 12:33
762221579061,SMOKE SUPPLIES,,ALIEN THC-A ORANGE GOBSTOPPER,8,$384.00,5/13/2025 18:23,$42.00,$336.00,0,1/24/2025 12:33
762221579078,SMOKE SUPPLIES,,ALIEN THC-A APPLE GELATO ICE,4,$192.00,5/6/2025 14:11,$42.00,$168.00,0,1/24/2025 12:33
762221579085,SMOKE SUPPLIES,,ALIEN THC-A JELLY DONUT INDICA,2,$96.00,5/6/2025 14:11,$42.00,$84.00,0,1/24/2025 12:33
762221579092,SMOKE SUPPLIES,,ALIEN THC-A WACKY WATERMELON,6,$288.00,5/6/2025 14:11,$42.00,$252.00,0,1/24/2025 12:33
762221579108,SMOKE SUPPLIES,,ALIEN THC-A TANGIE TAFFY HYBRI,2,$96.00,4/25/2025 15:00,$42.00,$84.00,0,1/24/2025 12:33
764046846243,ELECTRONICS & ACCESSORIES,,ALIEN 4G LIVE BANANA RUNTZ 5PK,1,$54.00,4/25/2025 15:00,$45.00,$45.00,0,
78604506,TOBACCO VAPE,70mg VAPE,POSH MAX5200 BLUERASP 5PK,2,$107.94,4/15/2025 10:41,$43.12,$86.24,0,2/7/2025 14:07
78609358,TOBACCO VAPE,45mg VAPE,POSH XL APPLE 10PK,4,$279.96,4/24/2025 9:55,$61.00,$244.00,5,2/7/2025 18:57
78609761,TOBACCO VAPE,45mg VAPE,POSH XL MANGO STRAWBERRY10PK,3,$209.97,4/30/2025 17:05,$64.50,$193.50,0,2/20/2024 15:15
78610200,SMOKE SUPPLIES,,POSH 0% NIC KIWISTRAW 5200 5PK,1,$48.00,4/4/2025 11:21,$42.25,$42.25,0,
78610309,TOBACCO VAPE,45mg VAPE,POSH XL WATERMELON 10PK,2,$139.98,5/13/2025 9:44,$61.00,$122.00,0,12/26/2024 10:26
78610903,TOBACCO VAPE,45mg VAPE,POSH XL LYCHEE 10PK,2,$139.98,4/1/2025 14:37,$64.40,$128.80,0,2/7/2025 18:57
78611009,TOBACCO VAPE,70mg VAPE,POSH MAX5200 DRAGONBANANA 5PK,1,$53.99,4/15/2025 10:55,$43.12,$43.12,0,2/7/2025 14:07
78611603,TOBACCO VAPE,45mg VAPE,POSH XL BLUE B ICE 10PK,2,$139.90,4/16/2025 16:28,$64.40,$128.80,0,2/7/2025 18:57
78613683,TOBACCO VAPE,45mg VAPE,POSH XL BLUE RASPBERRY 10PK,2,$139.98,4/9/2025 12:33,$62.12,$124.24,0,2/7/2025 18:57
78617377,TOBACCO VAPE,70mg VAPE,POSH MAX5200 GUMMY BEAR 5PK,1,$53.99,4/9/2025 12:33,$43.70,$43.70,0,2/7/2025 14:07
78619630,TOBACCO VAPE,45mg VAPE,POSH XL CUBAN 10PK 1500 PUFF,4,$279.88,4/25/2025 12:01,$64.40,$257.60,0,2/7/2025 18:57
78620186,TOBACCO VAPE,45mg VAPE,POSH XL MINT 10PK,1,$69.99,4/30/2025 17:05,$61.00,$61.00,0,2/7/2025 18:57
78626737,TOBACCO VAPE,42.5mg  VAPE,POSH PLUS BLUERASP 3000PUFF 5C,2,$93.94,4/24/2025 9:55,$37.95,$75.90,1,2/7/2025 14:07
78633025,TOBACCO VAPE,45mg VAPE,POSH XL STRAWBERRY BANANA10PK,1,$69.99,4/30/2025 17:05,$62.12,$62.12,0,8/28/2024 12:32
78634008,TOBACCO VAPE,70mg VAPE,POSH MAX5200 STRAWBERRY ICE5PK,2,$107.98,4/15/2025 10:55,$43.12,$86.24,0,2/7/2025 14:07
78635319,TOBACCO VAPE,45mg VAPE,POSH XL CHERRY FROST 10PK,1,$69.95,4/16/2025 16:28,$64.50,$64.50,0,2/20/2024 15:15
78639720,TOBACCO VAPE,42.5mg  VAPE,POSH PLUS MANGOSTRAW 3000 5CT,2,$93.94,4/16/2025 15:53,$41.98,$83.96,0,2/7/2025 14:07
78643024,TOBACCO VAPE,42.5mg  VAPE,POSH PLUS KIWI MELON 3000 5CT,0,$0.00,3/26/2025 10:37,$37.95,$0.00,-1,2/7/2025 14:07
78654709,TOBACCO VAPE,45mg VAPE,POSH XL STRAWBERRY 10PK,1,$69.99,4/30/2025 17:05,$62.12,$62.12,0,2/7/2025 18:57
78659841,TOBACCO VAPE,42.5mg  VAPE,POSH PLUS PEACH MELBA 3000 5CT,1,$46.95,4/16/2025 15:53,$41.98,$41.98,0,2/7/2025 14:07
78663022,TOBACCO VAPE,42.5mg  VAPE,POSH PLUS JOJO 3000 PUFF 5CT,1,$46.95,4/16/2025 15:53,$37.95,$37.95,0,2/7/2025 14:07
78670297,TOBACCO VAPE,70mg VAPE,POSH MAX5200 MANGO LYCHEE 5PK,1,$53.95,4/7/2025 12:34,$43.70,$43.70,0,6/5/2024 13:26
78673618,TOBACCO VAPE,42.5mg  VAPE,POSH PLUS BERRY MELON 3000 5CT,1,$46.95,4/16/2025 15:53,$37.95,$37.95,0,2/7/2025 14:07
78690646,TOBACCO VAPE,45mg VAPE,POSH XL GUMMY BEAR ICE 10PK,1,$69.95,4/24/2025 15:25,$64.40,$64.40,-5,2/20/2024 15:15
78694309,TOBACCO VAPE,42.5mg  VAPE,POSH PLUS GRAPE ICE 3000 5CT,1,$46.99,5/13/2025 9:46,$37.95,$37.95,0,2/7/2025 14:07
78696372,TOBACCO VAPE,45mg VAPE,POSH XL KIWI STRAWBERRY 10PK,7,$489.85,4/16/2025 16:28,$61.00,$427.00,0,2/7/2025 18:57
78698765,TOBACCO VAPE,42.5mg  VAPE,POSH PLUS RED APPLE ICE3K 5CT,2,$93.94,4/16/2025 15:53,$41.98,$83.96,0,6/5/2024 13:26
787188891216,SUPPLEMENTS,,VIP ROYAL HONEY PILL 24CT,2,$100.00,4/26/2025 12:16,$24.00,$48.00,0,1/27/2025 11:33
787188892008,,,RHINO 69 300K,2,$30.00,5/9/2025 11:25,$10.00,$20.00,0,12/1/2023 17:40
792138338215,SUPPLEMENTS,,VVIP HONEY PLATINUM,5,$50.00,5/10/2025 12:46,$3.50,$17.50,0,11/30/2024 12:44
793573938466,SUPPLEMENTS,,SW PILLS 24CT,1,$32.00,5/10/2025 14:40,$17.99,$17.99,0,3/19/2024 13:38
793573944580,SUPPLEMENTS,,SWAG PILLS 24CT,0,$0.00,3/6/2025 12:55,$17.99,$0.00,42,4/30/2025 14:28
795847916507,SUPPLEMENTS,,KANGAROO HONEY COCONUT 15CT,1,$25.00,4/21/2025 10:19,$15.00,$15.00,0,9/17/2024 15:34
799793390183,SMOKE SUPPLIES,,DANKLEAF STRAWBERRY PUNCH 10PK,1,$42.00,4/24/2025 9:59,$32.00,$32.00,0,
810125434556,TOBACCO VAPE,80mg Vape,GEEK BAR 15K WATERMELON 5C,6,$311.82,4/24/2025 9:55,$44.28,$265.68,0,3/25/2025 14:47
810125434631,TOBACCO VAPE,80mg Vape,GEEK BAR 15K JUICY PEACH 5C,1,$51.99,5/1/2025 12:32,$44.28,$44.28,0,3/25/2025 14:47
810125434655,TOBACCO VAPE,80mg Vape,GEEK BAR 15K MEXI MANGO 5C,1,$51.99,5/13/2025 16:02,$44.28,$44.28,0,3/25/2025 14:47
810125434679,TOBACCO VAPE,80mg Vape,GEEK BAR 15K SOUR APPLE 5C,1,$51.95,5/13/2025 16:02,$44.28,$44.28,0,3/25/2025 14:47
810125434693,TOBACCO VAPE,80mg Vape,GEEK BAR 15K TROP RAINBOW 5C,2,$103.98,4/24/2025 9:55,$44.28,$88.56,0,3/25/2025 14:47
810125434754,TOBACCO VAPE,80mg Vape,GEEK BAR 15K FCUKIN FAB 5C,2,$103.98,4/24/2025 9:55,$44.28,$88.56,0,3/25/2025 14:47
810125434778,TOBACCO VAPE,80mg Vape,GEEK BAR 15K STRAW MANGO 5C,3,$155.93,5/1/2025 12:32,$44.28,$132.84,0,3/25/2025 14:47
810125434792,TOBACCO VAPE,80mg Vape,GEEK BAR 15K STRAW BANANA 5C,2,$103.98,4/24/2025 9:55,$44.28,$88.56,0,3/25/2025 14:47
810125435911,TOBACCO VAPE,80mg Vape,GEEK BAR 15K CALI CHERRY 5C,2,$103.98,5/13/2025 16:02,$44.28,$88.56,0,3/25/2025 14:47
810125435935,TOBACCO VAPE,80mg Vape,GEEK BAR 15K BLUE RAZZ 5C,4,$207.92,4/24/2025 9:55,$44.28,$177.12,0,3/25/2025 14:47
810125435959,TOBACCO VAPE,80mg Vape,GEEK BAR 15K MIAMI MINT 5C,2,$103.94,5/6/2025 16:43,$44.28,$88.56,0,3/25/2025 14:47
810125436963,TOBACCO VAPE,80mg Vape,GEEK BAR 15K BLUEBERRY MELON5C,2,$103.94,5/13/2025 16:02,$44.28,$88.56,0,3/25/2025 14:47
810125437007,TOBACCO VAPE,80mg Vape,GEEK BAR 15K BERRY BLISS 5C,1,$51.95,5/1/2025 12:32,$44.28,$44.28,0,3/25/2025 14:47
810125437069,TOBACCO VAPE,80mg Vape,GEEK BAR 15K CRAZY MELON 5C,2,$103.98,4/30/2025 17:05,$44.28,$88.56,0,3/25/2025 14:47
810125438356,TOBACCO VAPE,90mg Vape,GEEKBAR 25K SOUR FCUKING FAB5C,1,$63.00,4/28/2025 15:31,$55.78,$55.78,0,12/24/2024 11:32
810125438370,TOBACCO VAPE,90mg Vape,GEEKBAR 25K ORANGE FAB 5C,1,$63.00,5/13/2025 16:02,$55.78,$55.78,0,3/25/2025 14:47
810125438455,TOBACCO VAPE,90mg Vape,GEEKBAR 25K SOUR APPLE 5C,1,$63.00,5/9/2025 12:19,$55.78,$55.78,0,3/25/2025 14:47
810128941136,,,DOUBLE DIA HEMP WRAP ROSE PETA,1,$13.50,4/8/2025 10:45,$9.95,$9.95,0,4/3/2024 17:13
810128944069,SMOKE SUPPLIES,,BLUE DIA PINK LEMONADE,3,$165.00,5/1/2025 14:05,$48.95,$146.85,0,10/28/2024 10:32
810128944076,SMOKE SUPPLIES,,BLUE DIA PURPLE PUNCH,4,$220.00,4/24/2025 9:59,$48.95,$195.80,0,10/28/2024 10:32
810134921863,WRAPS/FILTERS/HEMP/CONES,WRAPS/PREROLL,BLAZY SUSAN PINK CONE 1 1/4 6P,1,$36.00,5/13/2025 10:33,$28.80,$26.50,12,12/24/2024 12:24
810164280947,TOBACCO VAPE,80mg Vape,GEEK BAR 15K COOL MINT 5C,3,$155.97,5/1/2025 12:32,$44.28,$132.84,0,3/25/2025 14:47
811254033351,,,DOUBLE DIAMOND GREEN KING SIZE,1,$12.50,4/11/2025 16:56,$10.00,$10.00,0,4/3/2024 17:13
811435002145,SMOKE SUPPLIES,,CHORE BOY 36CT,26,$601.00,5/8/2025 10:27,$20.00,$492.00,0,1/24/2025 11:53
812934024270,ELECTRONICS & ACCESSORIES,,WARNER ANDROID CABLE ,49,$98.00,5/7/2025 16:43,$1.25,$61.25,0,3/6/2024 17:02
812934026021,ELECTRONICS & ACCESSORIES,,WARNER HOME ADAPTOR,42,$115.50,4/21/2025 10:19,$1.75,$73.50,0,10/7/2024 10:25
812934026236,ELECTRONICS & ACCESSORIES,,WARNER IPHONE CABLE LOOSE,59,$118.00,5/2/2025 10:05,$1.06,$62.54,0,10/26/2024 15:02
813525013727,WRAPS/FILTERS/HEMP/CONES,,GOLDEN HARVEST RED KING,10,$100.00,4/19/2025 10:42,$8.20,$82.00,0,8/23/2024 11:17
813525013758,WRAPS/FILTERS/HEMP/CONES,,GOLDEN HARVEST RED 100'S,10,$110.00,4/21/2025 17:11,$9.50,$95.00,0,8/23/2024 11:17
813525013765,WRAPS/FILTERS/HEMP/CONES,,GOLDEN HARVEST BLUE 100'S,9,$99.00,4/11/2025 10:51,$9.50,$85.50,0,9/19/2023 14:26
815154020008,FOOD & BEVERAGE,ENERGY DRINK,NOS ENERGY 16OZ /24,1,$38.00,5/13/2025 10:26,$29.99,$29.99,0,9/24/2024 12:44
815556020415,MEDS/DAILY CARE,,BENADRYL 24 CT,2,$21.00,5/13/2025 9:56,$8.00,$16.00,0,4/18/2024 10:34
815556020507,MEDS/DAILY CARE,,ALEVE ALL DAY 20CT,1,$9.90,4/11/2025 10:11,$6.99,$6.99,0,5/28/2024 15:25
816568010227,WRAPS/FILTERS/HEMP/CONES,,SHARGIO TUBE 100 RED 250CT ,1,$10.00,5/7/2025 16:19,$8.50,$8.50,0,9/19/2023 14:26
816568010234,,,SHARGIO TUBE 100 BLUE 250CT ,5,$47.50,4/4/2025 14:36,$8.00,$40.00,0,9/19/2023 14:26
816568010340,WRAPS/FILTERS/HEMP/CONES,,SHARGIO RED CIG TUBE 200 KING,1,$11.00,5/10/2025 11:21,$9.00,$9.00,0,10/15/2022 14:32
817458027103,WRAPS/FILTERS/HEMP/CONES,,WILD HEMP SWEETZ WRAP,1,$12.50,5/9/2025 12:19,$9.50,$9.50,0,9/19/2023 14:26
817458027127,WRAPS/FILTERS/HEMP/CONES,,WILD HEMP ISLAND TWIST WRAP,2,$25.00,4/2/2025 9:26,$9.50,$19.00,0,3/5/2021 14:20
817458027271,WRAPS/FILTERS/HEMP/CONES,,WILD HEMP HONEY LEMON WRAP,1,$12.50,4/2/2025 9:26,$9.25,$9.25,0,9/19/2023 14:26
818136007103,SUPPLEMENTS,,TOTAL DETOX 10OZ,26,$268.00,5/6/2025 11:07,$3.13,$81.25,0,6/24/2023 11:40
819913011429,TOBACCO VAPE,2.8mg VAPE,JUUL VIRGINIA TOBACCO 5% 4PK,16,$247.60,5/2/2025 10:17,$14.95,$239.20,0,10/25/2024 16:29
840110700076,SMOKE SUPPLIES,,ZENGAZ LIGHTER 48CT,1,$108.00,4/21/2025 10:19,$88.00,$88.00,0,11/16/2024 13:41
840439106344,WRAPS/FILTERS/HEMP/CONES,,ZIG ZAG HEMP WRAP ISLAND VIBES,1,$13.99,4/7/2025 14:21,$11.50,$11.50,0,9/19/2023 14:26
850296000945,SMOKE SUPPLIES,,BEST WHIP CREAM CHARGERS 50CT,1,$216.00,5/2/2025 14:06,$15.90,$15.90,0,11/7/2022 14:48
852682508219,MEDS/DAILY CARE,EYE DROPS,VISINE 6PK,1,$11.00,4/8/2025 17:25,$9.00,$9.00,0,1/24/2024 16:29
852812005243,SMOKE SUPPLIES,,IGNITUS PREMIUM REFINED BUTANE,7,$36.00,4/14/2025 17:02,$0.00,$0.00,0,4/24/2019 14:05
855022005669,,,ON WINTERGREEN 2MG,2,$37.50,5/6/2025 10:37,$17.56,$0.00,0,
855022005676,NICOTINE POUCH,,ON MINT POUCH 2MG,1,$18.75,4/8/2025 10:48,$17.56,$16.50,0,6/10/2024 10:55
855022005690,,,ON CITRUS 2MG,1,$18.75,4/8/2025 10:48,$17.56,$16.55,0,
855022005720,NICOTINE POUCH,,ON WINTERGREEN 4MG,7,$135.75,5/13/2025 9:39,$17.56,$121.91,0,11/30/2024 14:32
855022005737,NICOTINE POUCH,,ON MINT 4MG,2,$38.50,4/29/2025 11:50,$15.45,$30.90,0,9/30/2024 11:21
855022005751,NICOTINE POUCH,,ON CITRUS 4MG,1,$18.75,5/12/2025 10:44,$17.56,$16.50,0,10/28/2024 11:56
855022005782,,,ON WINTERGREEN 8MG,2,$39.50,4/15/2025 10:47,$17.56,$35.12,0,
855553008078,ELECTRONICS & ACCESSORIES,,BBQ LIGHTER 1CT,6,$7.50,4/25/2025 11:55,$0.70,$4.20,0,7/27/2023 15:39
856905003048,FOOD & BEVERAGE,,MANZELA JAPANESE PEANUTS 40 pk,14,$472.50,5/13/2025 16:02,$11.99,$167.86,0,11/30/2024 11:46
856905003239,FOOD & BEVERAGE,,MANZELA 180GM PEANUTS 10CT,48,"$1,435.50",5/13/2025 16:02,$7.99,$383.52,0,11/30/2024 11:46
870087000046,PLASTIC/PAPER GOODS,,PAPER BAG #2 500CT,107,$712.70,5/13/2025 9:56,$5.60,$599.20,0,1/17/2021 15:34
8850338008689,,,HALLS RASPBERRY,2,$45.00,5/12/2025 15:04,$16.50,$33.00,0,9/17/2024 14:51
887969011762,NICOTINE POUCH,,ZONE WINTERGREEN 9MG,1,$19.90,4/19/2025 11:23,$17.79,$17.79,0,9/30/2024 11:21
887969011823,NICOTINE POUCH,,ZONE MINT 6MG,1,$19.90,4/19/2025 11:23,$17.79,$17.79,0,9/30/2024 11:21
888122355662,,,SPANISH FLY HONEY,1,$15.00,5/9/2025 11:25,$8.00,$8.00,0,9/17/2024 14:51
8904227315898,SMOKE SUPPLIES,,BLUNT BLACK SPRAY 18CT,7,$192.50,5/13/2025 9:56,$20.00,$140.00,0,
8904234400051,SMOKE SUPPLIES,,NAG CHAMPA,21,$199.50,5/10/2025 11:01,$4.50,$94.50,0,6/11/2024 14:25
8906019565030,PLASTIC/PAPER GOODS,PLASTIC CUPS,SHOT GLASS 1OZ 50CT,267,$331.85,5/13/2025 9:46,$0.69,$184.23,9555,5/19/2023 15:49
8906026890606,SMOKE SUPPLIES,,BLACK NAGCHAMPA,4,$38.00,4/14/2025 17:02,$7.00,$28.00,0,10/15/2019 14:22
894135001021,TOBACCO,SMOKE TOBACCO,GOOD STUFF GOLD BAG 16OZ,1,$16.50,4/23/2025 11:58,$13.94,$13.94,0,5/6/2025 12:38
894135001038,TOBACCO,SMOKE TOBACCO,GOOD STUFF MENTHOL BAG 16OZ,1,$16.50,4/30/2025 17:05,$13.94,$13.94,0,5/6/2025 12:38
894135001175,TOBACCO,SMOKE TOBACCO,GOOD STUFF RED BAG 6OZ,1,$7.99,4/30/2025 17:05,$6.39,$6.39,0,8/16/2024 12:03
894135001182,TOBACCO,SMOKE TOBACCO,GOOD STUFF GOLD BAG 6OZ,1,$7.99,4/29/2025 11:50,$6.39,$6.39,0,8/16/2024 12:03
894135001199,TOBACCO,SMOKE TOBACCO,GOOD STUFF MENTHOL  6OZ,2,$15.98,5/8/2025 10:32,$6.39,$12.78,0,8/16/2024 12:03
894135001205,TOBACCO,SMOKE TOBACCO,GOOD STUFF MENTHL GOLD BG 6OZ ,1,$7.30,4/17/2025 11:39,$6.12,$6.12,0,8/8/2016 20:35
894135001281,TOBACCO,SMOKE TOBACCO,GOOD STUFF SILVER  BAG 6OZ,1,$7.99,5/1/2025 12:42,$6.39,$6.39,0,8/16/2024 12:03
896715002329,SMOKE SUPPLIES,MISC,CHARCOAL ROCKS 6.6OZ,4,$91.00,5/9/2025 11:45,$19.50,$78.00,0,11/11/2024 11:06
90073854004015,LIQUOR SUPPLIES,,AVIATOR PLAYING CARDS 12PK,6,$113.45,5/10/2025 12:46,$15.50,$93.00,0,2/17/2025 17:18
9554100191997,,,ETMUX ROYAL HONEY 12 CT 10 G,1,$14.00,4/5/2025 10:55,$9.99,$9.99,0,9/13/2019 14:32
9555755800036,SUPPLEMENTS,,VIP HONEY 12 PK,47,$329.00,5/8/2025 17:08,$3.50,$164.50,0,12/24/2024 13:35
9556296142753,SUPPLEMENTS,,KINGDOM ROYAL CHOCO 12PK,9,$115.00,4/29/2025 11:50,$9.50,$85.50,0,
9557558328212,MEDS/DAILY CARE,,VIP HONEY 24CT,16,$474.00,5/13/2025 9:56,$18.00,$288.00,0,11/30/2024 12:44
9780201379631,,,V-GRA GOLD 500MG 20CT JAR,1,$55.00,4/9/2025 16:27,$40.00,$40.00,0,9/19/2023 17:49
9X12 BAG,PLASTIC/PAPER GOODS,,POLY 9X12 BAG 2000CT,411,"$4,623.75",5/6/2025 16:53,$60.00,$0.00,411,
AXE,MEDS/DAILY CARE,,AXE DEODRANT SPRAY 6PK,5,$75.00,5/13/2025 9:56,$10.50,$52.50,0,11/30/2024 12:44
BIC 3 TIER DISPLAY,SMOKE SUPPLIES,LIGHTERS,BIC 3 TIER DISPLAY ,1,$165.00,4/29/2025 11:33,$135.00,$135.00,0,1/6/2023 12:26
BIC 6 TIER DISPLAY 300PC ,SMOKE SUPPLIES,LIGHTERS,BIC 6 TIER DISPLAY 300PC ,7,"$2,468.99",5/13/2025 18:23,$295.99,"$2,071.93",0,9/19/2023 11:40
BIC LIGHTER DISPLAY 210CT,SMOKE SUPPLIES,LIGHTERS,BIC LIGHTER DISPLAY 210CT,2,$285.00,4/23/2025 14:20,$128.00,$256.00,0,7/27/2020 12:31
BREEZECITRUS,TOBACCO VAPE,60mg VAPE,BREEZE CIRTUS 10CT,1,$105.50,4/25/2025 17:18,$101.20,$101.20,0,3/25/2025 15:36
CARD,FREIGHT OR SERVICE CHARGE,,CREDIT CARD FEE 3%,2,$94.75,4/28/2025 13:44,$0.00,$0.00,0,
COKE REG,FOOD & BEVERAGE,SODA,COCA COLA 20OZ 24PK,10,$320.00,5/1/2025 12:32,$27.00,$270.00,0,10/28/2024 10:26
COKE16OZ,FOOD & BEVERAGE,SODA,COKE 16 OZ 24CT,1,$32.00,4/28/2025 14:16,$28.50,$28.50,0,
DARTRED,PLASTIC/PAPER GOODS,,DART RED CUPS 16OZ 16CT,326,"$3,304.40",5/2/2025 14:16,$0.61,$199.51,0,
Dis,,,Discount,1,"$1,195.49",5/12/2025 15:23,$0.00,$0.00,0,9/19/2023 12:11
DISPOCASE,SMOKE SUPPLIES,LIGHTERS,DISPOSABLE CLEAR LIGHTERS CASE,37,"$2,435.00",5/8/2025 9:46,$60.00,"$2,220.00",0,3/28/2023 16:52
DK12X8POLYBAG,PLASTIC/PAPER GOODS,,POLY 12X18 DK 1000CT,1,$90.00,5/6/2025 16:53,$25.00,$0.00,0,
FCP325,,,MULTI COLOR TWIST PIPE,10,$25.00,4/24/2025 13:14,$1.25,$12.50,0,
FGH01,,,GLASS HAMMER BUBBLER 5 5,3,$12.00,4/8/2025 16:49,$2.99,$8.97,0,2/13/2021 11:42
FGH02,,,GLASS BUBBLER 5 5,2,$9.50,4/8/2025 16:49,$3.50,$7.00,0,2/13/2021 11:42
FP206,,,2.5 CHINA ROAD,4,$7.00,4/24/2025 13:14,$0.95,$3.80,0,
FP208,,,SINGLE HIT PIPE,10,$17.50,4/15/2025 10:27,$1.00,$10.00,0,
FREIGHT,FREIGHT OR SERVICE CHARGE,,FREIGHT CHARGE,4,"$4,052.57",5/9/2025 17:01,$0.00,$0.00,0,12/30/2020 12:43
GARBAGE BAG 38x58,PLASTIC/PAPER GOODS,,BLACK GARBAGE BAG 38x58-55GAL,192,"$3,758.50",5/9/2025 11:25,$18.26,"$3,505.92",0,8/10/2016 15:34
GARBAGE BAG 40x46,PLASTIC/PAPER GOODS,,BLACK GARBAGE BAG 40x46 -45GAL,10,$185.00,5/5/2025 16:26,$16.00,$160.00,0,8/10/2016 15:34
GARBAGEBAG33/39,PLASTIC/PAPER GOODS,PLASTIC BAGS,GARBAGE BAG 33/39,2,$53.00,4/28/2025 14:16,$7.65,$15.30,0,6/12/2024 17:07
GIFTBAG,LIQUOR SUPPLIES,,GIFT BAG 12CT,7,$94.50,5/12/2025 10:44,$8.50,$59.50,0,1/24/2025 11:47
GLASS COKE,FOOD & BEVERAGE,SODA,COCA COLA GLASS BOTTLE,6,$228.00,5/6/2025 14:11,$33.99,$203.94,0,1/24/2025 14:24
GOFRESH,PLASTIC/PAPER GOODS,GO FRESH BAGS,GO FRESH BAG,9267,"$83,403.00",4/23/2025 13:09,$8.32,"$77,101.44",0,9/19/2023 14:50
GOKUL,WRAPS/FILTERS/HEMP/CONES,,GOKUL INCENSE ASSORTED 6CT,5,$12.50,5/6/2025 15:13,$0.95,$4.75,0,6/12/2023 11:48
GWBAG,PLASTIC/PAPER GOODS,,GARBAGE BAG 38/58,5,$110.00,4/23/2025 11:31,$21.50,$107.50,0,9/19/2023 14:50
IMB100,SMOKE SUPPLIES,PIPES,5 INSIDE OUT MED BUBBLER,2,$10.00,4/8/2025 16:49,$2.75,$5.50,0,5/21/2018 16:00
JEWELRY ZIPLOCK BAGS 50CT,SMOKE SUPPLIES,,JEWELRY ZIPLOCK BAGS 50CT,1,$3.00,4/29/2025 12:12,$2.00,$2.00,0,
LIFESTYLEJAR,MEDS/DAILY CARE,,LIFE STYLE LOOSE JAR 48 CT,2,$26.00,4/19/2025 12:11,$10.50,$21.00,0,7/5/2023 16:07
MACHINEPALLETWRAP,,,MACHINE PALLET WRAP 6500,98,"$4,704.00",4/29/2025 14:19,$42.00,"$4,116.00",0,
METALSLIDE,SMOKE SUPPLIES,PIPES,METAL SLIDE MEDIUM RJ-7,10,$12.00,4/15/2025 16:34,$0.50,$5.00,0,5/21/2018 16:00
MONSTER,FOOD & BEVERAGE,ENERGY DRINK,MONSTER GREEN 16 OZ 24CT,74,"$2,997.00",5/10/2025 11:04,$36.00,"$2,442.00",0,5/1/2025 14:39
MONSTER GRONK 16OZ,FOOD & BEVERAGE,,MONSTER GRONK 16OZ,2,$81.00,4/19/2025 10:42,$34.00,$68.00,0,9/16/2019 14:40
OG CHILLIUM SINGLE ,SMOKE SUPPLIES,,OG CHILLIUM SINGLE ,204,$420.00,4/30/2025 12:35,$0.65,$132.60,0,8/13/2020 15:02
OG CHILLUM,SMOKE SUPPLIES,,OG CHILLIUM DISPLAY 100PCS,-65,-$48.75,4/30/2025 12:35,$76.00,"-$4,940.00",0,9/8/2021 10:20
PIPETREE,SMOKE SUPPLIES,PIPES,GLASS PIPE DISPLAY 100CT,5,$886.25,4/25/2025 14:01,$140.00,$700.00,0,1/26/2021 11:08
PLASTICKNIFE1000CT,PLASTIC/PAPER GOODS,,PLASTIC KNIFE 1000CT,5,$93.05,5/5/2025 16:26,$16.61,$83.05,0,
RED,PLASTIC/PAPER GOODS,,RED SHOT GLASS,53,$39.37,5/7/2025 18:10,$0.69,$36.57,0,
REDSHOT,LIQUOR SUPPLIES,,RED SHOTGLASS 20PK,5,$6.25,5/9/2025 14:56,$1.00,$5.00,0,
RHINO GOLD PLUS 100000K,,,RHINO GOLD PLUS 100000K,-1,-$55.00,4/14/2025 17:21,$21.00,-$21.00,0,5/31/2018 12:57
RHINO PLATINUM PLUS ,SUPPLEMENTS,,RHINO PLATINUM PLUS 100000K,1,$55.00,4/14/2025 17:02,$21.00,$21.00,0,5/31/2018 12:57
SINGLEBOTTLE,PLASTIC/PAPER GOODS,,SINGLE BOTTLE THANK YOU BAG,9,$77.50,5/10/2025 15:43,$5.02,$45.18,6497,9/19/2023 14:50
TROJAN,MEDS/DAILY CARE,,TROJAN MAGNUM LOOSE 48CT,9,$193.50,5/10/2025 11:00,$16.50,$148.50,0,4/5/2024 13:10
WICKEDBAG,PLASTIC/PAPER GOODS,,WICKED BAG 2000CT,204,"$8,670.00",4/28/2025 16:22,$0.00,$0.00,204,
X000QHIA7X,PLASTIC/PAPER GOODS,,2 1/4 x 50 THERMAL ROLLS 50CT,12,$222.00,4/21/2025 10:19,$13.00,$156.00,0,6/6/2023 15:36
X0040U0Z25,MEDS/DAILY CARE,,ALKA SELTZER 24T 2PK ,4,$50.00,4/10/2025 16:47,$9.99,$39.96,0,
X004B4BFGF,WRAPS/FILTERS/HEMP/CONES,,JOB .99 1 1/4,3,$189.00,5/8/2025 10:27,$56.50,$169.50,0,11/16/2024 13:41
XMB50,SMOKE SUPPLIES,PIPES,XMB50 BBLR 1PK,1,$3.00,4/24/2025 13:14,$1.35,$1.35,0,5/21/2018 16:00
XMB70,SMOKE SUPPLIES,PIPES,XMB -70 SMALL BUBBLER 70G 1CT,2,$8.50,4/8/2025 16:49,$2.00,$4.00,0,
